-- MySQL dump 10.13  Distrib 8.0.33, for Win64 (x86_64)
--
-- Host: 127.0.0.1    Database: ecommerce
-- ------------------------------------------------------
-- Server version	5.5.5-10.4.32-MariaDB

/*!40101 SET @OLD_CHARACTER_SET_CLIENT=@@CHARACTER_SET_CLIENT */;
/*!40101 SET @OLD_CHARACTER_SET_RESULTS=@@CHARACTER_SET_RESULTS */;
/*!40101 SET @OLD_COLLATION_CONNECTION=@@COLLATION_CONNECTION */;
/*!50503 SET NAMES utf8mb4 */;
/*!40103 SET @OLD_TIME_ZONE=@@TIME_ZONE */;
/*!40103 SET TIME_ZONE='+00:00' */;
/*!40014 SET @OLD_UNIQUE_CHECKS=@@UNIQUE_CHECKS, UNIQUE_CHECKS=0 */;
/*!40014 SET @OLD_FOREIGN_KEY_CHECKS=@@FOREIGN_KEY_CHECKS, FOREIGN_KEY_CHECKS=0 */;
/*!40101 SET @OLD_SQL_MODE=@@SQL_MODE, SQL_MODE='NO_AUTO_VALUE_ON_ZERO' */;
/*!40111 SET @OLD_SQL_NOTES=@@SQL_NOTES, SQL_NOTES=0 */;

--
-- Table structure for table `categories`
--

DROP TABLE IF EXISTS `categories`;
/*!40101 SET @saved_cs_client     = @@character_set_client */;
/*!50503 SET character_set_client = utf8mb4 */;
CREATE TABLE `categories` (
  `id` bigint(20) unsigned NOT NULL AUTO_INCREMENT,
  `title` text NOT NULL,
  `image` varchar(255) NOT NULL,
  `created_at` timestamp NULL DEFAULT NULL,
  `updated_at` timestamp NULL DEFAULT NULL,
  PRIMARY KEY (`id`)
) ENGINE=InnoDB AUTO_INCREMENT=52 DEFAULT CHARSET=utf8mb4 COLLATE=utf8mb4_unicode_ci;
/*!40101 SET character_set_client = @saved_cs_client */;

--
-- Dumping data for table `categories`
--

/*!40000 ALTER TABLE `categories` DISABLE KEYS */;
INSERT INTO `categories` VALUES (1,'Eum laboriosam autem quia excepturi dolores placeat sapiente.','https://via.placeholder.com/640x480.png/0055bb?text=eum','2024-07-04 01:39:07','2024-07-04 01:39:07'),(2,'Alias omnis corporis sit aliquam odio.','https://via.placeholder.com/640x480.png/007777?text=esse','2024-07-04 01:39:07','2024-07-04 01:39:07'),(3,'Maiores eos mollitia atque nihil.','https://via.placeholder.com/640x480.png/005577?text=eveniet','2024-07-04 01:39:07','2024-07-04 01:39:07'),(4,'Soluta doloremque officia praesentium molestiae.','https://via.placeholder.com/640x480.png/004499?text=modi','2024-07-04 01:39:07','2024-07-04 01:39:07'),(5,'Nostrum nulla voluptatem facere suscipit blanditiis et ipsa.','https://via.placeholder.com/640x480.png/00cc00?text=voluptates','2024-07-04 01:39:07','2024-07-04 01:39:07'),(6,'Commodi quis dolorem aliquid qui.','https://via.placeholder.com/640x480.png/006622?text=est','2024-07-04 01:39:07','2024-07-04 01:39:07'),(7,'Molestias et sit quam occaecati earum fugiat.','https://via.placeholder.com/640x480.png/0099bb?text=reprehenderit','2024-07-04 01:39:07','2024-07-04 01:39:07'),(8,'Dolor optio quis tempore sit ea sequi harum.','https://via.placeholder.com/640x480.png/0033aa?text=delectus','2024-07-04 01:39:07','2024-07-04 01:39:07'),(9,'Voluptatem ut veritatis ut.','https://via.placeholder.com/640x480.png/008855?text=fugit','2024-07-04 01:39:07','2024-07-04 01:39:07'),(10,'Nihil distinctio ut sapiente accusantium quia possimus.','https://via.placeholder.com/640x480.png/00cc55?text=nam','2024-07-04 01:39:07','2024-07-04 01:39:07'),(11,'Nam aut qui laborum velit illum.','https://via.placeholder.com/640x480.png/00aa44?text=et','2024-07-04 01:39:07','2024-07-04 01:39:07'),(12,'Sit nihil hic provident nobis.','https://via.placeholder.com/640x480.png/007733?text=enim','2024-07-04 01:39:07','2024-07-04 01:39:07'),(13,'Ut nulla voluptates iusto voluptatem consectetur praesentium placeat.','https://via.placeholder.com/640x480.png/000044?text=voluptas','2024-07-04 01:39:07','2024-07-04 01:39:07'),(14,'In quo vitae est aut culpa architecto ullam.','https://via.placeholder.com/640x480.png/000022?text=sed','2024-07-04 01:39:07','2024-07-04 01:39:07'),(15,'Ipsum tenetur laudantium et non recusandae consequatur in.','https://via.placeholder.com/640x480.png/00ee11?text=provident','2024-07-04 01:39:07','2024-07-04 01:39:07'),(16,'Autem impedit qui aut qui occaecati repellendus.','https://via.placeholder.com/640x480.png/00ddaa?text=quibusdam','2024-07-04 01:39:07','2024-07-04 01:39:07'),(17,'Consequatur delectus consectetur excepturi facere fugiat quia commodi.','https://via.placeholder.com/640x480.png/0055bb?text=quidem','2024-07-04 01:39:07','2024-07-04 01:39:07'),(18,'Quasi consequatur ducimus optio.','https://via.placeholder.com/640x480.png/00cc33?text=odio','2024-07-04 01:39:07','2024-07-04 01:39:07'),(19,'Laborum quas autem quisquam iure illum explicabo.','https://via.placeholder.com/640x480.png/00bb88?text=quas','2024-07-04 01:39:07','2024-07-04 01:39:07'),(20,'Consequatur et est est nostrum.','https://via.placeholder.com/640x480.png/005599?text=aut','2024-07-04 01:39:07','2024-07-04 01:39:07'),(21,'Nobis ea voluptatum adipisci est et dolores.','https://via.placeholder.com/640x480.png/000011?text=excepturi','2024-07-04 01:39:07','2024-07-04 01:39:07'),(22,'Ut adipisci dolore minus ut architecto sunt voluptas.','https://via.placeholder.com/640x480.png/006688?text=sed','2024-07-04 01:39:07','2024-07-04 01:39:07'),(23,'Vero labore voluptas veritatis eos nisi quas.','https://via.placeholder.com/640x480.png/0022ee?text=ipsam','2024-07-04 01:39:07','2024-07-04 01:39:07'),(24,'Nobis non velit in quis atque reiciendis cumque non.','https://via.placeholder.com/640x480.png/00dd44?text=deleniti','2024-07-04 01:39:07','2024-07-04 01:39:07'),(25,'Optio quia dolore fuga quo.','https://via.placeholder.com/640x480.png/001100?text=id','2024-07-04 01:39:07','2024-07-04 01:39:07'),(26,'Voluptatibus blanditiis quis eaque labore accusantium ex et.','https://via.placeholder.com/640x480.png/0099dd?text=porro','2024-07-04 01:39:07','2024-07-04 01:39:07'),(27,'Explicabo inventore veritatis iste et expedita.','https://via.placeholder.com/640x480.png/0066bb?text=voluptatum','2024-07-04 01:39:07','2024-07-04 01:39:07'),(28,'Nulla ab ab porro occaecati maxime commodi quod.','https://via.placeholder.com/640x480.png/0011ee?text=alias','2024-07-04 01:39:07','2024-07-04 01:39:07'),(29,'Shampoo','http://127.0.0.1:8000/images/20240804085917.jpeg','2024-07-04 01:39:07','2024-08-04 12:59:17'),(30,'Mascara','http://127.0.0.1:8000/images/20240804090002.jpeg','2024-07-04 01:39:07','2024-08-04 13:00:02'),(31,'Quaerat quaerat quo eaque qui molestias reprehenderit ut eos.','https://via.placeholder.com/640x480.png/00bbcc?text=sequi','2024-07-04 01:39:07','2024-07-04 01:39:07'),(32,'Et placeat minima eius iste magnam incidunt vitae quia.','https://via.placeholder.com/640x480.png/007799?text=velit','2024-07-04 01:39:07','2024-07-04 01:39:07'),(33,'Aut ea libero voluptates.','https://via.placeholder.com/640x480.png/0033ee?text=cum','2024-07-04 01:39:07','2024-07-04 01:39:07'),(34,'Ducimus doloremque illum quae porro esse fugit.','https://via.placeholder.com/640x480.png/0066aa?text=vitae','2024-07-04 01:39:07','2024-07-04 01:39:07'),(35,'Minus dolor veniam laborum deserunt doloremque rem.','https://via.placeholder.com/640x480.png/00ffdd?text=fugiat','2024-07-04 01:39:07','2024-07-04 01:39:07'),(36,'Dignissimos nesciunt dolorem suscipit id itaque nobis voluptatem itaque.','https://via.placeholder.com/640x480.png/0066bb?text=possimus','2024-07-04 01:39:07','2024-07-04 01:39:07'),(37,'LipStick','http://127.0.0.1:8000/images/20240804085718.jpeg','2024-07-04 01:39:07','2024-08-04 12:57:18'),(38,'Officia atque eum excepturi tempore voluptatem voluptatibus.','https://via.placeholder.com/640x480.png/0044ee?text=sed','2024-07-04 01:39:07','2024-07-04 01:39:07'),(39,'In sit voluptas aut fuga quam molestias facilis.','https://via.placeholder.com/640x480.png/0077aa?text=sit','2024-07-04 01:39:07','2024-07-04 01:39:07'),(40,'EyeShadow','http://127.0.0.1:8000/images/20240804085759.jpeg','2024-07-04 01:39:07','2024-08-04 12:57:59'),(41,'Perfume','http://127.0.0.1:8000/images/20240804085619.jpeg','2024-07-04 01:39:07','2024-08-04 12:56:19'),(42,'Provident consequatur accusamus consequatur qui.','https://via.placeholder.com/640x480.png/001177?text=cupiditate','2024-07-04 01:39:07','2024-07-04 01:39:07'),(43,'Alias veniam tenetur quasi eveniet saepe.','https://via.placeholder.com/640x480.png/005588?text=totam','2024-07-04 01:39:07','2024-07-04 01:39:07'),(44,'Perfume','http://127.0.0.1:8000/images/20240804085309.jpeg','2024-07-04 01:39:07','2024-08-04 12:53:09'),(45,'Mascara','http://127.0.0.1:8000/images/20240804084153.jpeg','2024-07-04 01:39:07','2024-08-04 12:41:53'),(46,'Sunscreen','http://127.0.0.1:8000/images/20240804085032.jpeg','2024-07-04 01:39:07','2024-08-04 12:50:32'),(47,'HairColor','http://127.0.0.1:8000/images/20240804084851.jpeg','2024-07-04 01:39:07','2024-08-04 12:48:51'),(48,'LeaveIn','http://127.0.0.1:8000/images/20240804083144.webp','2024-07-04 01:39:07','2024-08-04 12:31:44'),(49,'EyeShadow','http://127.0.0.1:8000/images/20240804084055.jpeg','2024-07-04 01:39:07','2024-08-04 12:40:55'),(50,'LipStick','http://127.0.0.1:8000/images/20240804084245.jpeg','2024-07-04 01:39:07','2024-08-04 12:42:45'),(51,'Shampoo','http://127.0.0.1:8000/images/20240804083049.jpeg','2024-07-14 13:26:30','2024-08-04 12:30:49');
/*!40000 ALTER TABLE `categories` ENABLE KEYS */;

--
-- Table structure for table `failed_jobs`
--

DROP TABLE IF EXISTS `failed_jobs`;
/*!40101 SET @saved_cs_client     = @@character_set_client */;
/*!50503 SET character_set_client = utf8mb4 */;
CREATE TABLE `failed_jobs` (
  `id` bigint(20) unsigned NOT NULL AUTO_INCREMENT,
  `uuid` varchar(255) NOT NULL,
  `connection` text NOT NULL,
  `queue` text NOT NULL,
  `payload` longtext NOT NULL,
  `exception` longtext NOT NULL,
  `failed_at` timestamp NOT NULL DEFAULT current_timestamp(),
  PRIMARY KEY (`id`),
  UNIQUE KEY `failed_jobs_uuid_unique` (`uuid`)
) ENGINE=InnoDB DEFAULT CHARSET=utf8mb4 COLLATE=utf8mb4_unicode_ci;
/*!40101 SET character_set_client = @saved_cs_client */;

--
-- Dumping data for table `failed_jobs`
--

/*!40000 ALTER TABLE `failed_jobs` DISABLE KEYS */;
/*!40000 ALTER TABLE `failed_jobs` ENABLE KEYS */;

--
-- Table structure for table `migrations`
--

DROP TABLE IF EXISTS `migrations`;
/*!40101 SET @saved_cs_client     = @@character_set_client */;
/*!50503 SET character_set_client = utf8mb4 */;
CREATE TABLE `migrations` (
  `id` int(10) unsigned NOT NULL AUTO_INCREMENT,
  `migration` varchar(255) NOT NULL,
  `batch` int(11) NOT NULL,
  PRIMARY KEY (`id`)
) ENGINE=InnoDB AUTO_INCREMENT=13 DEFAULT CHARSET=utf8mb4 COLLATE=utf8mb4_unicode_ci;
/*!40101 SET character_set_client = @saved_cs_client */;

--
-- Dumping data for table `migrations`
--

/*!40000 ALTER TABLE `migrations` DISABLE KEYS */;
INSERT INTO `migrations` VALUES (1,'2014_10_12_000000_create_users_table',1),(2,'2014_10_12_100000_create_password_reset_tokens_table',1),(3,'2016_06_01_000001_create_oauth_auth_codes_table',1),(4,'2016_06_01_000002_create_oauth_access_tokens_table',1),(5,'2016_06_01_000003_create_oauth_refresh_tokens_table',1),(6,'2016_06_01_000004_create_oauth_clients_table',1),(7,'2016_06_01_000005_create_oauth_personal_access_clients_table',1),(8,'2019_08_19_000000_create_failed_jobs_table',1),(9,'2019_12_14_000001_create_personal_access_tokens_table',1),(10,'2023_07_12_165031_create_categories_table',1),(11,'2023_09_05_012906_create_products_table',1),(12,'2023_09_05_013141_create_product_images_table',1);
/*!40000 ALTER TABLE `migrations` ENABLE KEYS */;

--
-- Table structure for table `oauth_access_tokens`
--

DROP TABLE IF EXISTS `oauth_access_tokens`;
/*!40101 SET @saved_cs_client     = @@character_set_client */;
/*!50503 SET character_set_client = utf8mb4 */;
CREATE TABLE `oauth_access_tokens` (
  `id` varchar(100) NOT NULL,
  `user_id` bigint(20) unsigned DEFAULT NULL,
  `client_id` bigint(20) unsigned NOT NULL,
  `name` varchar(255) DEFAULT NULL,
  `scopes` text DEFAULT NULL,
  `revoked` tinyint(1) NOT NULL,
  `created_at` timestamp NULL DEFAULT NULL,
  `updated_at` timestamp NULL DEFAULT NULL,
  `expires_at` datetime DEFAULT NULL,
  PRIMARY KEY (`id`),
  KEY `oauth_access_tokens_user_id_index` (`user_id`)
) ENGINE=InnoDB DEFAULT CHARSET=utf8mb4 COLLATE=utf8mb4_unicode_ci;
/*!40101 SET character_set_client = @saved_cs_client */;

--
-- Dumping data for table `oauth_access_tokens`
--

/*!40000 ALTER TABLE `oauth_access_tokens` DISABLE KEYS */;
INSERT INTO `oauth_access_tokens` VALUES ('010bb1c42e7ff079ac12f4dd025b4f82eac3235dbcb0e3e86b46e1dea46cfdcb96979b1a1153946e',1,1,'token','[]',0,'2024-07-05 18:58:17','2024-07-05 18:58:18','2025-01-05 14:58:17'),('1552a022a13d3adee3c2252607231e606aebe0ee25538e3af435202dbcd65739512e80207e32ce1d',1,1,'token','[]',0,'2024-07-31 12:32:16','2024-07-31 12:32:16','2025-01-31 08:32:16'),('1677f98812ab4bf1ad2b3b962ae826fcbb0c7a0d9b96a572e5c789b23a26adb766bcfa0d64eaf555',7,1,'token','[]',0,'2024-08-19 13:22:06','2024-08-19 13:22:06','2025-02-19 09:22:06'),('1a47121bd4538da18c45fb1b4243af486859d5aee6e455c54002d22878699ab78ab4a2d38e2c80bc',1,1,'token','[]',0,'2024-08-09 14:40:52','2024-08-09 14:40:53','2025-02-09 10:40:52'),('1c5d199cc5b6e112e68478301cad4081115748a472fe25502ab5362cbe1dc33fbb6e44b9016869ed',1,1,'token','[]',0,'2024-07-22 14:53:19','2024-07-22 14:53:20','2025-01-22 10:53:19'),('1d564c524c14fc860c19af16bab369f2c960444d166286f12e25b499e7d9ffd6c1444cf02a6ea7a9',1,1,'token','[]',0,'2024-07-15 12:14:41','2024-07-15 12:14:41','2025-01-15 08:14:41'),('22088a50750d2490e7b9099adce57316045aaea3a7762ba29d2b65d4f138410cae45e22f83b0d869',1,1,'token','[]',0,'2024-07-07 11:27:45','2024-07-07 11:27:45','2025-01-07 07:27:45'),('334bb07788df3d78349b55c3191e24391779f8600f433da36ec2a1a2c24870d12df7b3eba7c180a3',6,1,'authTokenRefresh','[]',0,'2024-08-19 13:19:17','2024-08-19 13:19:17','2025-02-19 09:19:17'),('42e7c644c5d159ab5fc7d763e7e3cb5b0cca92a3264922ba23fe889068a6ab189bb8cf128a53e369',1,1,'token','[]',0,'2024-07-12 19:28:55','2024-07-12 19:28:56','2025-01-12 15:28:55'),('42f3eabfe3a4c893167e3d54f723447425473367d23df7cb312954a92955977aafa418a984fcedc0',5,1,'authTokenRefresh','[]',0,'2024-08-19 13:04:54','2024-08-19 13:04:54','2025-02-19 09:04:54'),('43ac9d9345b14853fa691b90a04234efc46dc5a4f332039cb58a2e6eddd996de836417b2871e36ba',1,1,'token','[]',0,'2024-07-12 13:26:54','2024-07-12 13:26:55','2025-01-12 09:26:54'),('454220500e863d0b7877c30006bdbd93a1d48409718e68d9b9ddd78db3e693ecb223efbe3801846f',1,1,'token','[]',0,'2024-07-23 13:01:31','2024-07-23 13:01:32','2025-01-23 09:01:31'),('47e51ae574c46a685dc5e9cb24a556257ed96d74a8474f0c5292c6133a6a33a0ad60e37e655d7e0d',1,1,'token','[]',0,'2024-07-07 01:22:53','2024-07-07 01:22:53','2025-01-06 21:22:53'),('495c0eba30327a81f9c87759e51e3d23881a52d0ec24e5730a630581885c6960009a2fe4bbc98a5b',1,1,'token','[]',0,'2024-08-16 15:08:13','2024-08-16 15:08:14','2025-02-16 11:08:13'),('54bbb0a84d901cc6bbef8bb8e891e11f386fd494a6df4d11b1bb67e672dfbcb0ce3662a41fa1ae79',1,1,'token','[]',0,'2024-07-04 12:21:59','2024-07-04 12:21:59','2025-01-04 08:21:59'),('5c587be2459809d48edd78f3bbe0eb9c077896c982b909a581078fd328eb1789fdfca5d9b04f399b',1,1,'token','[]',0,'2024-08-04 18:11:32','2024-08-04 18:11:32','2025-02-04 14:11:32'),('5e041f58132b8dc3047b14a8bf5266c2eaad1d2c24cc9617ca1264e2a08bea50a53272a7f064b0bf',4,1,'token','[]',0,'2024-08-19 13:03:33','2024-08-19 13:03:33','2025-02-19 09:03:33'),('62c7275b84f914de6fcc83af0661576fb5721af96a262eeb986dba7a2973a4451f9efd0600abc203',1,1,'token','[]',0,'2024-07-10 11:42:16','2024-07-10 11:42:17','2025-01-10 07:42:16'),('6ac6cdefed98152e5a69f62af04ca41b7395a1f1cfb9aa57f3aa2f631c3e3d012f2d980a5263ac8f',1,1,'token','[]',0,'2024-07-04 01:44:22','2024-07-04 01:44:22','2025-01-03 21:44:22'),('70baec51975da9ab537b8bf62b097244c1010a8a428eb730844394c94affe9b4fe92422c7bc7e16a',1,1,'token','[]',0,'2024-07-13 13:14:46','2024-07-13 13:14:46','2025-01-13 09:14:46'),('739bb98386dbdfe7c3aa55113e45807dd7bb5b5f6c07f92a66d293fe7255b899dbf22d2368bce0e8',4,1,'authTokenRefresh','[]',0,'2024-08-19 13:03:33','2024-08-19 13:03:33','2025-02-19 09:03:33'),('74d68611efe6720e8009804bd2254991474616d611143a14a72e1bbd260901c541590c0029492411',1,1,'token','[]',0,'2024-07-04 01:39:06','2024-07-04 01:39:07','2025-01-03 21:39:06'),('7b8484a507d70444347e94bea858213351129dc12c2eb78cb5ef6257d02b68ffc0cbadc243385c91',6,1,'token','[]',0,'2024-08-19 13:19:17','2024-08-19 13:19:17','2025-02-19 09:19:17'),('7d5bbfe7f99866eda7a140f36ab919d8a1c78607de1c9d6e93c71218f3f5b731e62db6f9c12d63f0',1,1,'token','[]',0,'2024-07-10 17:34:45','2024-07-10 17:34:46','2025-01-10 13:34:45'),('892464d7b40d7c69dbc22761e918715d92d399dfa27e59a289caac1af73ec3c9b5376ea363616078',1,1,'token','[]',0,'2024-08-15 14:49:08','2024-08-15 14:49:08','2025-02-15 10:49:08'),('89c161e91606016614f10714df7a532be7e8f3188c97ef3d86a80431d52dfdbd18c4a07940f1fb6f',1,1,'token','[]',0,'2024-07-08 17:43:07','2024-07-08 17:43:07','2025-01-08 13:43:07'),('8b070c034ba80487daaef62a35574993816a5efa73c7f3562a2425be20a8e26069c70bb30b4e7516',1,1,'token','[]',0,'2024-07-06 18:05:35','2024-07-06 18:05:35','2025-01-06 14:05:35'),('9b7287ac94ea52f191f8ce3bd2df34b0f5244080faebb9bfb6a34f3a66775bc0da2c009dafb6b79e',1,1,'token','[]',0,'2024-07-05 14:23:29','2024-07-05 14:23:29','2025-01-05 10:23:29'),('a39a63e9a8440f87d518ddb1b333083102897b1dda98b3c7c1e6f885f94f5374ade4b1cdf1e0184e',5,1,'token','[]',0,'2024-08-19 13:04:54','2024-08-19 13:04:54','2025-02-19 09:04:54'),('af20b989f7ade7c2aacd0e72d85d694c7be7eda48a7c215b8dfd68aae0c30ca9fab6b97c490c0a87',7,1,'token','[]',0,'2024-08-19 13:22:41','2024-08-19 13:22:41','2025-02-19 09:22:41'),('c9e64fef69acf15f5d6f2bcc58a44cfebdc1f41b3cfd75b213f9613a0887a8e31d88bb3f4c752419',1,1,'token','[]',0,'2024-07-14 12:56:02','2024-07-14 12:56:02','2025-01-14 08:56:02'),('d6eb08c21dd9c78053114a23621f9c71c9c6f1f6ef1c490e97e4a14153c29795a4488a5cd5f0034c',1,1,'token','[]',0,'2024-07-04 19:08:35','2024-07-04 19:08:35','2025-01-04 15:08:35'),('e3d4f1f532bd138ab78d2bf3f3baf7c5a0f5fb77bc8982c178978527ef30790e09f501e56913b2e7',7,1,'authTokenRefresh','[]',0,'2024-08-19 13:22:06','2024-08-19 13:22:06','2025-02-19 09:22:06'),('e46aff0beaf896c7d3f7ba5dd1ca08af0c1cd6fbb9eb6259841d4f9b64854bbe8422895675dd3d92',1,1,'token','[]',1,'2024-08-19 13:05:46','2024-08-19 13:18:50','2025-02-19 09:05:46'),('e568ef88c30a4c272b0707c4413f9b3dda8ee6bb071eec107b740fad4d5d432b922d27aa2fd6f234',4,1,'token','[]',0,'2024-08-19 13:04:11','2024-08-19 13:04:11','2025-02-19 09:04:11'),('e7c95ee3e31544f6a55f97258e25e5449006dea28674a1a912107652ee9ae03c42103b6c1daebd0f',1,1,'token','[]',0,'2024-07-11 12:51:36','2024-07-11 12:51:36','2025-01-11 08:51:36'),('fb1834a4fb46da1896cce95f4512730107fb2609b46a3055b59d4a5ddb357c120a4244af46cae79c',1,1,'token','[]',0,'2024-08-03 15:07:24','2024-08-03 15:07:24','2025-02-03 11:07:24'),('fd126b729ab5ccc83bfd28495af6924e081ce5da3776c82a6e8e423caf5e4811e960715a3dc57bf6',1,1,'token','[]',0,'2024-08-04 12:22:57','2024-08-04 12:22:57','2025-02-04 08:22:57');
/*!40000 ALTER TABLE `oauth_access_tokens` ENABLE KEYS */;

--
-- Table structure for table `oauth_auth_codes`
--

DROP TABLE IF EXISTS `oauth_auth_codes`;
/*!40101 SET @saved_cs_client     = @@character_set_client */;
/*!50503 SET character_set_client = utf8mb4 */;
CREATE TABLE `oauth_auth_codes` (
  `id` varchar(100) NOT NULL,
  `user_id` bigint(20) unsigned NOT NULL,
  `client_id` bigint(20) unsigned NOT NULL,
  `scopes` text DEFAULT NULL,
  `revoked` tinyint(1) NOT NULL,
  `expires_at` datetime DEFAULT NULL,
  PRIMARY KEY (`id`),
  KEY `oauth_auth_codes_user_id_index` (`user_id`)
) ENGINE=InnoDB DEFAULT CHARSET=utf8mb4 COLLATE=utf8mb4_unicode_ci;
/*!40101 SET character_set_client = @saved_cs_client */;

--
-- Dumping data for table `oauth_auth_codes`
--

/*!40000 ALTER TABLE `oauth_auth_codes` DISABLE KEYS */;
/*!40000 ALTER TABLE `oauth_auth_codes` ENABLE KEYS */;

--
-- Table structure for table `oauth_clients`
--

DROP TABLE IF EXISTS `oauth_clients`;
/*!40101 SET @saved_cs_client     = @@character_set_client */;
/*!50503 SET character_set_client = utf8mb4 */;
CREATE TABLE `oauth_clients` (
  `id` bigint(20) unsigned NOT NULL AUTO_INCREMENT,
  `user_id` bigint(20) unsigned DEFAULT NULL,
  `name` varchar(255) NOT NULL,
  `secret` varchar(100) DEFAULT NULL,
  `provider` varchar(255) DEFAULT NULL,
  `redirect` text NOT NULL,
  `personal_access_client` tinyint(1) NOT NULL,
  `password_client` tinyint(1) NOT NULL,
  `revoked` tinyint(1) NOT NULL,
  `created_at` timestamp NULL DEFAULT NULL,
  `updated_at` timestamp NULL DEFAULT NULL,
  PRIMARY KEY (`id`),
  KEY `oauth_clients_user_id_index` (`user_id`)
) ENGINE=InnoDB AUTO_INCREMENT=2 DEFAULT CHARSET=utf8mb4 COLLATE=utf8mb4_unicode_ci;
/*!40101 SET character_set_client = @saved_cs_client */;

--
-- Dumping data for table `oauth_clients`
--

/*!40000 ALTER TABLE `oauth_clients` DISABLE KEYS */;
INSERT INTO `oauth_clients` VALUES (1,NULL,'Laravel Personal Access Client','Tp7saNjgVeyUyp46KTzjXEhzUFcG5yTE9okDZJAT',NULL,'http://localhost',1,0,0,'2024-07-04 01:37:29','2024-07-04 01:37:29');
/*!40000 ALTER TABLE `oauth_clients` ENABLE KEYS */;

--
-- Table structure for table `oauth_personal_access_clients`
--

DROP TABLE IF EXISTS `oauth_personal_access_clients`;
/*!40101 SET @saved_cs_client     = @@character_set_client */;
/*!50503 SET character_set_client = utf8mb4 */;
CREATE TABLE `oauth_personal_access_clients` (
  `id` bigint(20) unsigned NOT NULL AUTO_INCREMENT,
  `client_id` bigint(20) unsigned NOT NULL,
  `created_at` timestamp NULL DEFAULT NULL,
  `updated_at` timestamp NULL DEFAULT NULL,
  PRIMARY KEY (`id`)
) ENGINE=InnoDB AUTO_INCREMENT=2 DEFAULT CHARSET=utf8mb4 COLLATE=utf8mb4_unicode_ci;
/*!40101 SET character_set_client = @saved_cs_client */;

--
-- Dumping data for table `oauth_personal_access_clients`
--

/*!40000 ALTER TABLE `oauth_personal_access_clients` DISABLE KEYS */;
INSERT INTO `oauth_personal_access_clients` VALUES (1,1,'2024-07-04 01:37:29','2024-07-04 01:37:29');
/*!40000 ALTER TABLE `oauth_personal_access_clients` ENABLE KEYS */;

--
-- Table structure for table `oauth_refresh_tokens`
--

DROP TABLE IF EXISTS `oauth_refresh_tokens`;
/*!40101 SET @saved_cs_client     = @@character_set_client */;
/*!50503 SET character_set_client = utf8mb4 */;
CREATE TABLE `oauth_refresh_tokens` (
  `id` varchar(100) NOT NULL,
  `access_token_id` varchar(100) NOT NULL,
  `revoked` tinyint(1) NOT NULL,
  `expires_at` datetime DEFAULT NULL,
  PRIMARY KEY (`id`),
  KEY `oauth_refresh_tokens_access_token_id_index` (`access_token_id`)
) ENGINE=InnoDB DEFAULT CHARSET=utf8mb4 COLLATE=utf8mb4_unicode_ci;
/*!40101 SET character_set_client = @saved_cs_client */;

--
-- Dumping data for table `oauth_refresh_tokens`
--

/*!40000 ALTER TABLE `oauth_refresh_tokens` DISABLE KEYS */;
/*!40000 ALTER TABLE `oauth_refresh_tokens` ENABLE KEYS */;

--
-- Table structure for table `password_reset_tokens`
--

DROP TABLE IF EXISTS `password_reset_tokens`;
/*!40101 SET @saved_cs_client     = @@character_set_client */;
/*!50503 SET character_set_client = utf8mb4 */;
CREATE TABLE `password_reset_tokens` (
  `email` varchar(255) NOT NULL,
  `token` varchar(255) NOT NULL,
  `created_at` timestamp NULL DEFAULT NULL,
  PRIMARY KEY (`email`)
) ENGINE=InnoDB DEFAULT CHARSET=utf8mb4 COLLATE=utf8mb4_unicode_ci;
/*!40101 SET character_set_client = @saved_cs_client */;

--
-- Dumping data for table `password_reset_tokens`
--

/*!40000 ALTER TABLE `password_reset_tokens` DISABLE KEYS */;
/*!40000 ALTER TABLE `password_reset_tokens` ENABLE KEYS */;

--
-- Table structure for table `personal_access_tokens`
--

DROP TABLE IF EXISTS `personal_access_tokens`;
/*!40101 SET @saved_cs_client     = @@character_set_client */;
/*!50503 SET character_set_client = utf8mb4 */;
CREATE TABLE `personal_access_tokens` (
  `id` bigint(20) unsigned NOT NULL AUTO_INCREMENT,
  `tokenable_type` varchar(255) NOT NULL,
  `tokenable_id` bigint(20) unsigned NOT NULL,
  `name` varchar(255) NOT NULL,
  `token` varchar(64) NOT NULL,
  `abilities` text DEFAULT NULL,
  `last_used_at` timestamp NULL DEFAULT NULL,
  `expires_at` timestamp NULL DEFAULT NULL,
  `created_at` timestamp NULL DEFAULT NULL,
  `updated_at` timestamp NULL DEFAULT NULL,
  PRIMARY KEY (`id`),
  UNIQUE KEY `personal_access_tokens_token_unique` (`token`),
  KEY `personal_access_tokens_tokenable_type_tokenable_id_index` (`tokenable_type`,`tokenable_id`)
) ENGINE=InnoDB DEFAULT CHARSET=utf8mb4 COLLATE=utf8mb4_unicode_ci;
/*!40101 SET character_set_client = @saved_cs_client */;

--
-- Dumping data for table `personal_access_tokens`
--

/*!40000 ALTER TABLE `personal_access_tokens` DISABLE KEYS */;
/*!40000 ALTER TABLE `personal_access_tokens` ENABLE KEYS */;

--
-- Table structure for table `product_images`
--

DROP TABLE IF EXISTS `product_images`;
/*!40101 SET @saved_cs_client     = @@character_set_client */;
/*!50503 SET character_set_client = utf8mb4 */;
CREATE TABLE `product_images` (
  `id` bigint(20) unsigned NOT NULL AUTO_INCREMENT,
  `product_id` bigint(20) unsigned NOT NULL,
  `image` varchar(255) NOT NULL,
  `created_at` timestamp NULL DEFAULT NULL,
  `updated_at` timestamp NULL DEFAULT NULL,
  PRIMARY KEY (`id`),
  KEY `product_images_product_id_foreign` (`product_id`),
  CONSTRAINT `product_images_product_id_foreign` FOREIGN KEY (`product_id`) REFERENCES `products` (`id`) ON DELETE CASCADE ON UPDATE CASCADE
) ENGINE=InnoDB AUTO_INCREMENT=416 DEFAULT CHARSET=utf8mb4 COLLATE=utf8mb4_unicode_ci;
/*!40101 SET character_set_client = @saved_cs_client */;

--
-- Dumping data for table `product_images`
--

/*!40000 ALTER TABLE `product_images` DISABLE KEYS */;
INSERT INTO `product_images` VALUES (1,55,'https://via.placeholder.com/640x480.png/003311?text=asperiores','2024-07-04 01:39:08','2024-07-04 01:39:08'),(2,69,'https://via.placeholder.com/640x480.png/007788?text=architecto','2024-07-04 01:39:08','2024-07-04 01:39:08'),(5,70,'https://via.placeholder.com/640x480.png/00dddd?text=dicta','2024-07-04 01:39:08','2024-07-04 01:39:08'),(7,17,'https://via.placeholder.com/640x480.png/004444?text=eius','2024-07-04 01:39:08','2024-07-04 01:39:08'),(8,62,'https://via.placeholder.com/640x480.png/0066cc?text=est','2024-07-04 01:39:08','2024-07-04 01:39:08'),(9,69,'https://via.placeholder.com/640x480.png/005522?text=illo','2024-07-04 01:39:08','2024-07-04 01:39:08'),(10,66,'https://via.placeholder.com/640x480.png/00ccdd?text=repudiandae','2024-07-04 01:39:08','2024-07-04 01:39:08'),(11,76,'https://via.placeholder.com/640x480.png/00aaee?text=quod','2024-07-04 01:39:09','2024-07-04 01:39:09'),(12,44,'https://via.placeholder.com/640x480.png/00ffdd?text=cupiditate','2024-07-04 01:39:09','2024-07-04 01:39:09'),(13,81,'https://via.placeholder.com/640x480.png/00ddee?text=natus','2024-07-04 01:39:09','2024-07-04 01:39:09'),(15,78,'https://via.placeholder.com/640x480.png/000044?text=veritatis','2024-07-04 01:39:09','2024-07-04 01:39:09'),(16,75,'https://via.placeholder.com/640x480.png/00cc11?text=optio','2024-07-04 01:39:09','2024-07-04 01:39:09'),(17,40,'https://via.placeholder.com/640x480.png/003311?text=odit','2024-07-04 01:39:09','2024-07-04 01:39:09'),(18,84,'https://via.placeholder.com/640x480.png/000033?text=voluptatem','2024-07-04 01:39:09','2024-07-04 01:39:09'),(19,67,'https://via.placeholder.com/640x480.png/0088cc?text=nulla','2024-07-04 01:39:09','2024-07-04 01:39:09'),(20,59,'https://via.placeholder.com/640x480.png/006644?text=quo','2024-07-04 01:39:09','2024-07-04 01:39:09'),(21,45,'https://via.placeholder.com/640x480.png/007733?text=ea','2024-07-04 01:39:09','2024-07-04 01:39:09'),(22,78,'https://via.placeholder.com/640x480.png/00dd55?text=voluptas','2024-07-04 01:39:09','2024-07-04 01:39:09'),(23,60,'https://via.placeholder.com/640x480.png/0099dd?text=quia','2024-07-04 01:39:09','2024-07-04 01:39:09'),(24,20,'https://via.placeholder.com/640x480.png/00aa77?text=laborum','2024-07-04 01:39:09','2024-07-04 01:39:09'),(25,43,'https://via.placeholder.com/640x480.png/009955?text=et','2024-07-04 01:39:09','2024-07-04 01:39:09'),(26,67,'https://via.placeholder.com/640x480.png/00eeee?text=quis','2024-07-04 01:39:09','2024-07-04 01:39:09'),(27,77,'https://via.placeholder.com/640x480.png/009911?text=ut','2024-07-04 01:39:09','2024-07-04 01:39:09'),(28,96,'https://via.placeholder.com/640x480.png/00dd44?text=dolores','2024-07-04 01:39:09','2024-07-04 01:39:09'),(29,32,'https://via.placeholder.com/640x480.png/0055dd?text=itaque','2024-07-04 01:39:09','2024-07-04 01:39:09'),(31,22,'https://via.placeholder.com/640x480.png/007755?text=eum','2024-07-04 01:39:09','2024-07-04 01:39:09'),(32,26,'https://via.placeholder.com/640x480.png/00ccee?text=qui','2024-07-04 01:39:09','2024-07-04 01:39:09'),(33,33,'https://via.placeholder.com/640x480.png/0022ee?text=culpa','2024-07-04 01:39:09','2024-07-04 01:39:09'),(34,23,'https://via.placeholder.com/640x480.png/00dd22?text=quae','2024-07-04 01:39:09','2024-07-04 01:39:09'),(36,45,'https://via.placeholder.com/640x480.png/008822?text=placeat','2024-07-04 01:39:10','2024-07-04 01:39:10'),(38,99,'https://via.placeholder.com/640x480.png/00bb11?text=nostrum','2024-07-04 01:39:10','2024-07-04 01:39:10'),(39,66,'https://via.placeholder.com/640x480.png/00cc99?text=pariatur','2024-07-04 01:39:10','2024-07-04 01:39:10'),(40,76,'https://via.placeholder.com/640x480.png/003377?text=accusamus','2024-07-04 01:39:10','2024-07-04 01:39:10'),(41,19,'https://via.placeholder.com/640x480.png/0044aa?text=at','2024-07-04 01:39:10','2024-07-04 01:39:10'),(42,68,'https://via.placeholder.com/640x480.png/0066bb?text=et','2024-07-04 01:39:10','2024-07-04 01:39:10'),(43,29,'https://via.placeholder.com/640x480.png/006688?text=similique','2024-07-04 01:39:10','2024-07-04 01:39:10'),(44,52,'https://via.placeholder.com/640x480.png/004455?text=sit','2024-07-04 01:39:10','2024-07-04 01:39:10'),(45,31,'https://via.placeholder.com/640x480.png/001177?text=aut','2024-07-04 01:39:10','2024-07-04 01:39:10'),(46,91,'https://via.placeholder.com/640x480.png/00ffff?text=consequatur','2024-07-04 01:39:10','2024-07-04 01:39:10'),(47,44,'https://via.placeholder.com/640x480.png/008877?text=voluptas','2024-07-04 01:39:10','2024-07-04 01:39:10'),(48,60,'https://via.placeholder.com/640x480.png/00ccbb?text=doloremque','2024-07-04 01:39:10','2024-07-04 01:39:10'),(49,88,'https://via.placeholder.com/640x480.png/00ddff?text=temporibus','2024-07-04 01:39:10','2024-07-04 01:39:10'),(50,65,'https://via.placeholder.com/640x480.png/003344?text=corrupti','2024-07-04 01:39:10','2024-07-04 01:39:10'),(51,59,'https://via.placeholder.com/640x480.png/0066ee?text=ea','2024-07-04 01:39:10','2024-07-04 01:39:10'),(52,67,'https://via.placeholder.com/640x480.png/0000bb?text=vitae','2024-07-04 01:39:10','2024-07-04 01:39:10'),(53,32,'https://via.placeholder.com/640x480.png/007733?text=in','2024-07-04 01:39:10','2024-07-04 01:39:10'),(54,23,'https://via.placeholder.com/640x480.png/00eebb?text=facilis','2024-07-04 01:39:10','2024-07-04 01:39:10'),(55,22,'https://via.placeholder.com/640x480.png/00ee11?text=quae','2024-07-04 01:39:10','2024-07-04 01:39:10'),(57,26,'https://via.placeholder.com/640x480.png/0044dd?text=ut','2024-07-04 01:39:10','2024-07-04 01:39:10'),(58,33,'https://via.placeholder.com/640x480.png/009966?text=nulla','2024-07-04 01:39:10','2024-07-04 01:39:10'),(60,43,'https://via.placeholder.com/640x480.png/00dd00?text=odit','2024-07-04 01:39:10','2024-07-04 01:39:10'),(62,41,'https://via.placeholder.com/640x480.png/008855?text=eius','2024-07-04 01:39:10','2024-07-04 01:39:10'),(63,42,'https://via.placeholder.com/640x480.png/00ffaa?text=sit','2024-07-04 01:39:10','2024-07-04 01:39:10'),(64,48,'https://via.placeholder.com/640x480.png/0022dd?text=rem','2024-07-04 01:39:10','2024-07-04 01:39:10'),(65,42,'https://via.placeholder.com/640x480.png/00ddbb?text=aut','2024-07-04 01:39:10','2024-07-04 01:39:10'),(66,30,'https://via.placeholder.com/640x480.png/00eeaa?text=rem','2024-07-04 01:39:10','2024-07-04 01:39:10'),(67,25,'https://via.placeholder.com/640x480.png/000066?text=earum','2024-07-04 01:39:10','2024-07-04 01:39:10'),(68,49,'https://via.placeholder.com/640x480.png/00ccff?text=sapiente','2024-07-04 01:39:10','2024-07-04 01:39:10'),(69,22,'https://via.placeholder.com/640x480.png/008844?text=sit','2024-07-04 01:39:10','2024-07-04 01:39:10'),(70,73,'https://via.placeholder.com/640x480.png/008877?text=laudantium','2024-07-04 01:39:10','2024-07-04 01:39:10'),(71,97,'https://via.placeholder.com/640x480.png/005511?text=totam','2024-07-04 01:39:10','2024-07-04 01:39:10'),(73,93,'https://via.placeholder.com/640x480.png/00bbff?text=error','2024-07-04 01:39:10','2024-07-04 01:39:10'),(74,62,'https://via.placeholder.com/640x480.png/003344?text=voluptatem','2024-07-04 01:39:10','2024-07-04 01:39:10'),(75,19,'https://via.placeholder.com/640x480.png/005511?text=voluptate','2024-07-04 01:39:10','2024-07-04 01:39:10'),(76,59,'https://via.placeholder.com/640x480.png/009922?text=totam','2024-07-04 01:39:10','2024-07-04 01:39:10'),(77,71,'https://via.placeholder.com/640x480.png/00cc33?text=harum','2024-07-04 01:39:10','2024-07-04 01:39:10'),(78,57,'https://via.placeholder.com/640x480.png/00bb44?text=a','2024-07-04 01:39:10','2024-07-04 01:39:10'),(80,23,'https://via.placeholder.com/640x480.png/0033ee?text=consequatur','2024-07-04 01:39:10','2024-07-04 01:39:10'),(81,54,'https://via.placeholder.com/640x480.png/00bb33?text=quasi','2024-07-04 01:39:10','2024-07-04 01:39:10'),(82,51,'https://via.placeholder.com/640x480.png/00aa88?text=consequuntur','2024-07-04 01:39:10','2024-07-04 01:39:10'),(83,25,'https://via.placeholder.com/640x480.png/0066ee?text=sit','2024-07-04 01:39:10','2024-07-04 01:39:10'),(84,18,'https://via.placeholder.com/640x480.png/001100?text=nihil','2024-07-04 01:39:10','2024-07-04 01:39:10'),(85,52,'https://via.placeholder.com/640x480.png/0011bb?text=omnis','2024-07-04 01:39:10','2024-07-04 01:39:10'),(86,9,'https://via.placeholder.com/640x480.png/0055bb?text=libero','2024-07-04 01:39:10','2024-07-04 01:39:10'),(87,98,'https://via.placeholder.com/640x480.png/00eedd?text=neque','2024-07-04 01:39:10','2024-07-04 01:39:10'),(88,62,'https://via.placeholder.com/640x480.png/00dd66?text=hic','2024-07-04 01:39:10','2024-07-04 01:39:10'),(89,73,'https://via.placeholder.com/640x480.png/0088ff?text=veniam','2024-07-04 01:39:10','2024-07-04 01:39:10'),(91,74,'https://via.placeholder.com/640x480.png/001111?text=vitae','2024-07-04 01:39:10','2024-07-04 01:39:10'),(92,93,'https://via.placeholder.com/640x480.png/0077cc?text=quo','2024-07-04 01:39:10','2024-07-04 01:39:10'),(93,81,'https://via.placeholder.com/640x480.png/0055ff?text=eos','2024-07-04 01:39:10','2024-07-04 01:39:10'),(94,85,'https://via.placeholder.com/640x480.png/009933?text=quasi','2024-07-04 01:39:10','2024-07-04 01:39:10'),(95,46,'https://via.placeholder.com/640x480.png/001166?text=consectetur','2024-07-04 01:39:10','2024-07-04 01:39:10'),(96,71,'https://via.placeholder.com/640x480.png/00bbcc?text=quidem','2024-07-04 01:39:10','2024-07-04 01:39:10'),(97,45,'https://via.placeholder.com/640x480.png/00dd77?text=sit','2024-07-04 01:39:10','2024-07-04 01:39:10'),(98,16,'https://via.placeholder.com/640x480.png/008899?text=assumenda','2024-07-04 01:39:10','2024-07-04 01:39:10'),(99,76,'https://via.placeholder.com/640x480.png/000000?text=eos','2024-07-04 01:39:10','2024-07-04 01:39:10'),(100,94,'https://via.placeholder.com/640x480.png/0077ff?text=iure','2024-07-04 01:39:10','2024-07-04 01:39:10'),(101,62,'https://via.placeholder.com/640x480.png/00ff66?text=ut','2024-07-04 01:39:10','2024-07-04 01:39:10'),(102,29,'https://via.placeholder.com/640x480.png/0044ff?text=ea','2024-07-04 01:39:10','2024-07-04 01:39:10'),(103,83,'https://via.placeholder.com/640x480.png/006633?text=dolores','2024-07-04 01:39:10','2024-07-04 01:39:10'),(104,18,'https://via.placeholder.com/640x480.png/002266?text=occaecati','2024-07-04 01:39:10','2024-07-04 01:39:10'),(105,33,'https://via.placeholder.com/640x480.png/003333?text=sed','2024-07-04 01:39:10','2024-07-04 01:39:10'),(107,21,'https://via.placeholder.com/640x480.png/005500?text=et','2024-07-04 01:39:10','2024-07-04 01:39:10'),(108,69,'https://via.placeholder.com/640x480.png/0077bb?text=maiores','2024-07-04 01:39:10','2024-07-04 01:39:10'),(109,68,'https://via.placeholder.com/640x480.png/0011cc?text=eligendi','2024-07-04 01:39:10','2024-07-04 01:39:10'),(110,49,'https://via.placeholder.com/640x480.png/004499?text=nihil','2024-07-04 01:39:10','2024-07-04 01:39:10'),(111,99,'https://via.placeholder.com/640x480.png/00ee55?text=molestiae','2024-07-04 01:39:10','2024-07-04 01:39:10'),(112,25,'https://via.placeholder.com/640x480.png/00dd22?text=harum','2024-07-04 01:39:10','2024-07-04 01:39:10'),(113,54,'https://via.placeholder.com/640x480.png/0055bb?text=nesciunt','2024-07-04 01:39:10','2024-07-04 01:39:10'),(114,67,'https://via.placeholder.com/640x480.png/002255?text=dolorem','2024-07-04 01:39:10','2024-07-04 01:39:10'),(115,78,'https://via.placeholder.com/640x480.png/003366?text=saepe','2024-07-04 01:39:10','2024-07-04 01:39:10'),(116,61,'https://via.placeholder.com/640x480.png/00cc44?text=aut','2024-07-04 01:39:10','2024-07-04 01:39:10'),(117,67,'https://via.placeholder.com/640x480.png/00ee55?text=quas','2024-07-04 01:39:10','2024-07-04 01:39:10'),(118,51,'https://via.placeholder.com/640x480.png/005599?text=voluptatem','2024-07-04 01:39:10','2024-07-04 01:39:10'),(119,40,'https://via.placeholder.com/640x480.png/00ee33?text=nulla','2024-07-04 01:39:10','2024-07-04 01:39:10'),(120,70,'https://via.placeholder.com/640x480.png/002222?text=voluptatem','2024-07-04 01:39:10','2024-07-04 01:39:10'),(121,48,'https://via.placeholder.com/640x480.png/0055ff?text=aut','2024-07-04 01:39:10','2024-07-04 01:39:10'),(122,19,'https://via.placeholder.com/640x480.png/0022cc?text=voluptate','2024-07-04 01:39:10','2024-07-04 01:39:10'),(123,83,'https://via.placeholder.com/640x480.png/00cc99?text=repellendus','2024-07-04 01:39:10','2024-07-04 01:39:10'),(124,41,'https://via.placeholder.com/640x480.png/004422?text=expedita','2024-07-04 01:39:10','2024-07-04 01:39:10'),(126,55,'https://via.placeholder.com/640x480.png/00aabb?text=cupiditate','2024-07-04 01:39:10','2024-07-04 01:39:10'),(127,85,'https://via.placeholder.com/640x480.png/0077aa?text=aliquam','2024-07-04 01:39:10','2024-07-04 01:39:10'),(128,64,'https://via.placeholder.com/640x480.png/009911?text=temporibus','2024-07-04 01:39:10','2024-07-04 01:39:10'),(129,51,'https://via.placeholder.com/640x480.png/00bbdd?text=provident','2024-07-04 01:39:10','2024-07-04 01:39:10'),(130,67,'https://via.placeholder.com/640x480.png/002299?text=atque','2024-07-04 01:39:10','2024-07-04 01:39:10'),(131,55,'https://via.placeholder.com/640x480.png/005511?text=velit','2024-07-04 01:39:10','2024-07-04 01:39:10'),(132,51,'https://via.placeholder.com/640x480.png/0033dd?text=libero','2024-07-04 01:39:10','2024-07-04 01:39:10'),(133,80,'https://via.placeholder.com/640x480.png/0077bb?text=sed','2024-07-04 01:39:10','2024-07-04 01:39:10'),(134,32,'https://via.placeholder.com/640x480.png/0022bb?text=sint','2024-07-04 01:39:10','2024-07-04 01:39:10'),(135,60,'https://via.placeholder.com/640x480.png/00ffcc?text=dolorem','2024-07-04 01:39:10','2024-07-04 01:39:10'),(136,13,'https://via.placeholder.com/640x480.png/00aaff?text=fuga','2024-07-04 01:39:10','2024-07-04 01:39:10'),(137,47,'https://via.placeholder.com/640x480.png/0066bb?text=corrupti','2024-07-04 01:39:10','2024-07-04 01:39:10'),(138,28,'https://via.placeholder.com/640x480.png/002288?text=beatae','2024-07-04 01:39:10','2024-07-04 01:39:10'),(139,9,'https://via.placeholder.com/640x480.png/0022ee?text=amet','2024-07-04 01:39:10','2024-07-04 01:39:10'),(141,17,'https://via.placeholder.com/640x480.png/004422?text=nobis','2024-07-04 01:39:10','2024-07-04 01:39:10'),(142,57,'https://via.placeholder.com/640x480.png/003300?text=reprehenderit','2024-07-04 01:39:10','2024-07-04 01:39:10'),(143,17,'https://via.placeholder.com/640x480.png/002222?text=porro','2024-07-04 01:39:10','2024-07-04 01:39:10'),(144,80,'https://via.placeholder.com/640x480.png/00ffaa?text=voluptas','2024-07-04 01:39:10','2024-07-04 01:39:10'),(145,66,'https://via.placeholder.com/640x480.png/0088ee?text=nihil','2024-07-04 01:39:10','2024-07-04 01:39:10'),(146,18,'https://via.placeholder.com/640x480.png/0000ee?text=aperiam','2024-07-04 01:39:10','2024-07-04 01:39:10'),(148,31,'https://via.placeholder.com/640x480.png/007788?text=deleniti','2024-07-04 01:39:10','2024-07-04 01:39:10'),(149,47,'https://via.placeholder.com/640x480.png/0022ff?text=enim','2024-07-04 01:39:10','2024-07-04 01:39:10'),(150,18,'https://via.placeholder.com/640x480.png/0088ee?text=voluptatem','2024-07-04 01:39:10','2024-07-04 01:39:10'),(151,78,'https://via.placeholder.com/640x480.png/00aa99?text=est','2024-07-04 01:39:10','2024-07-04 01:39:10'),(153,64,'https://via.placeholder.com/640x480.png/003377?text=odio','2024-07-04 01:39:10','2024-07-04 01:39:10'),(154,23,'https://via.placeholder.com/640x480.png/00bb55?text=et','2024-07-04 01:39:10','2024-07-04 01:39:10'),(155,8,'https://via.placeholder.com/640x480.png/00ff55?text=ipsa','2024-07-04 01:39:10','2024-07-04 01:39:10'),(156,52,'https://via.placeholder.com/640x480.png/00ee44?text=quibusdam','2024-07-04 01:39:10','2024-07-04 01:39:10'),(157,66,'https://via.placeholder.com/640x480.png/008800?text=distinctio','2024-07-04 01:39:10','2024-07-04 01:39:10'),(158,78,'https://via.placeholder.com/640x480.png/0000dd?text=libero','2024-07-04 01:39:10','2024-07-04 01:39:10'),(160,65,'https://via.placeholder.com/640x480.png/00aa88?text=doloremque','2024-07-04 01:39:10','2024-07-04 01:39:10'),(161,88,'https://via.placeholder.com/640x480.png/0044dd?text=fuga','2024-07-04 01:39:10','2024-07-04 01:39:10'),(162,41,'https://via.placeholder.com/640x480.png/00ddcc?text=velit','2024-07-04 01:39:10','2024-07-04 01:39:10'),(163,57,'https://via.placeholder.com/640x480.png/003333?text=suscipit','2024-07-04 01:39:10','2024-07-04 01:39:10'),(164,81,'https://via.placeholder.com/640x480.png/005533?text=dolore','2024-07-04 01:39:10','2024-07-04 01:39:10'),(166,89,'https://via.placeholder.com/640x480.png/003333?text=quibusdam','2024-07-04 01:39:10','2024-07-04 01:39:10'),(167,52,'https://via.placeholder.com/640x480.png/00bb11?text=dolore','2024-07-04 01:39:10','2024-07-04 01:39:10'),(168,49,'https://via.placeholder.com/640x480.png/00ee11?text=mollitia','2024-07-04 01:39:10','2024-07-04 01:39:10'),(169,16,'https://via.placeholder.com/640x480.png/00aaaa?text=expedita','2024-07-04 01:39:10','2024-07-04 01:39:10'),(170,92,'https://via.placeholder.com/640x480.png/00dd77?text=maxime','2024-07-04 01:39:10','2024-07-04 01:39:10'),(171,74,'https://via.placeholder.com/640x480.png/0077dd?text=similique','2024-07-04 01:39:10','2024-07-04 01:39:10'),(172,46,'https://via.placeholder.com/640x480.png/00bb88?text=aut','2024-07-04 01:39:10','2024-07-04 01:39:10'),(173,80,'https://via.placeholder.com/640x480.png/00ffbb?text=molestiae','2024-07-04 01:39:10','2024-07-04 01:39:10'),(175,82,'https://via.placeholder.com/640x480.png/00dd22?text=dolore','2024-07-04 01:39:10','2024-07-04 01:39:10'),(176,79,'https://via.placeholder.com/640x480.png/00aacc?text=voluptas','2024-07-04 01:39:10','2024-07-04 01:39:10'),(177,98,'https://via.placeholder.com/640x480.png/002233?text=vel','2024-07-04 01:39:10','2024-07-04 01:39:10'),(178,12,'https://via.placeholder.com/640x480.png/00bb99?text=quaerat','2024-07-04 01:39:10','2024-07-04 01:39:10'),(179,97,'https://via.placeholder.com/640x480.png/0000aa?text=aut','2024-07-04 01:39:10','2024-07-04 01:39:10'),(180,20,'https://via.placeholder.com/640x480.png/00cc11?text=quas','2024-07-04 01:39:10','2024-07-04 01:39:10'),(181,76,'https://via.placeholder.com/640x480.png/00bb33?text=ea','2024-07-04 01:39:10','2024-07-04 01:39:10'),(183,97,'https://via.placeholder.com/640x480.png/007799?text=quod','2024-07-04 01:39:10','2024-07-04 01:39:10'),(184,55,'https://via.placeholder.com/640x480.png/009977?text=eum','2024-07-04 01:39:10','2024-07-04 01:39:10'),(185,98,'https://via.placeholder.com/640x480.png/001155?text=molestiae','2024-07-04 01:39:10','2024-07-04 01:39:10'),(186,57,'https://via.placeholder.com/640x480.png/002200?text=eaque','2024-07-04 01:39:10','2024-07-04 01:39:10'),(187,54,'https://via.placeholder.com/640x480.png/00cc22?text=ut','2024-07-04 01:39:10','2024-07-04 01:39:10'),(188,13,'https://via.placeholder.com/640x480.png/002233?text=rerum','2024-07-04 01:39:10','2024-07-04 01:39:10'),(189,60,'https://via.placeholder.com/640x480.png/00eeaa?text=asperiores','2024-07-04 01:39:10','2024-07-04 01:39:10'),(190,71,'https://via.placeholder.com/640x480.png/00cc99?text=culpa','2024-07-04 01:39:10','2024-07-04 01:39:10'),(191,32,'https://via.placeholder.com/640x480.png/002244?text=et','2024-07-04 01:39:10','2024-07-04 01:39:10'),(192,83,'https://via.placeholder.com/640x480.png/005566?text=rem','2024-07-04 01:39:10','2024-07-04 01:39:10'),(194,98,'https://via.placeholder.com/640x480.png/005599?text=ipsam','2024-07-04 01:39:10','2024-07-04 01:39:10'),(196,18,'https://via.placeholder.com/640x480.png/004444?text=eum','2024-07-04 01:39:10','2024-07-04 01:39:10'),(197,42,'https://via.placeholder.com/640x480.png/00eeee?text=explicabo','2024-07-04 01:39:10','2024-07-04 01:39:10'),(198,49,'https://via.placeholder.com/640x480.png/002211?text=vel','2024-07-04 01:39:10','2024-07-04 01:39:10'),(199,21,'https://via.placeholder.com/640x480.png/007733?text=molestiae','2024-07-04 01:39:10','2024-07-04 01:39:10'),(200,98,'https://via.placeholder.com/640x480.png/006633?text=eaque','2024-07-04 01:39:10','2024-07-04 01:39:10'),(201,66,'https://via.placeholder.com/640x480.png/00cc66?text=enim','2024-07-04 01:39:10','2024-07-04 01:39:10'),(202,87,'https://via.placeholder.com/640x480.png/002266?text=nulla','2024-07-04 01:39:10','2024-07-04 01:39:10'),(204,47,'https://via.placeholder.com/640x480.png/00bb22?text=totam','2024-07-04 01:39:10','2024-07-04 01:39:10'),(205,58,'https://via.placeholder.com/640x480.png/00ff22?text=magnam','2024-07-04 01:39:10','2024-07-04 01:39:10'),(206,24,'https://via.placeholder.com/640x480.png/000055?text=consequatur','2024-07-04 01:39:10','2024-07-04 01:39:10'),(208,25,'https://via.placeholder.com/640x480.png/004466?text=ut','2024-07-04 01:39:10','2024-07-04 01:39:10'),(209,60,'https://via.placeholder.com/640x480.png/006600?text=id','2024-07-04 01:39:10','2024-07-04 01:39:10'),(210,16,'https://via.placeholder.com/640x480.png/006688?text=et','2024-07-04 01:39:10','2024-07-04 01:39:10'),(211,23,'https://via.placeholder.com/640x480.png/0055cc?text=voluptas','2024-07-04 01:39:10','2024-07-04 01:39:10'),(212,54,'https://via.placeholder.com/640x480.png/0011bb?text=facere','2024-07-04 01:39:10','2024-07-04 01:39:10'),(213,48,'https://via.placeholder.com/640x480.png/003388?text=ut','2024-07-04 01:39:10','2024-07-04 01:39:10'),(214,24,'https://via.placeholder.com/640x480.png/00ee55?text=vero','2024-07-04 01:39:10','2024-07-04 01:39:10'),(215,72,'https://via.placeholder.com/640x480.png/003355?text=autem','2024-07-04 01:39:10','2024-07-04 01:39:10'),(216,90,'https://via.placeholder.com/640x480.png/0088bb?text=impedit','2024-07-04 01:39:10','2024-07-04 01:39:10'),(217,83,'https://via.placeholder.com/640x480.png/007799?text=ipsum','2024-07-04 01:39:10','2024-07-04 01:39:10'),(218,84,'https://via.placeholder.com/640x480.png/0099cc?text=doloremque','2024-07-04 01:39:10','2024-07-04 01:39:10'),(219,72,'https://via.placeholder.com/640x480.png/001111?text=rem','2024-07-04 01:39:10','2024-07-04 01:39:10'),(220,14,'https://via.placeholder.com/640x480.png/00ffee?text=voluptatem','2024-07-04 01:39:10','2024-07-04 01:39:10'),(221,69,'https://via.placeholder.com/640x480.png/002299?text=quia','2024-07-04 01:39:10','2024-07-04 01:39:10'),(222,77,'https://via.placeholder.com/640x480.png/0066bb?text=vel','2024-07-04 01:39:10','2024-07-04 01:39:10'),(223,15,'https://via.placeholder.com/640x480.png/00aabb?text=perferendis','2024-07-04 01:39:10','2024-07-04 01:39:10'),(225,53,'https://via.placeholder.com/640x480.png/00ddee?text=corrupti','2024-07-04 01:39:10','2024-07-04 01:39:10'),(226,58,'https://via.placeholder.com/640x480.png/00ff66?text=consequatur','2024-07-04 01:39:10','2024-07-04 01:39:10'),(227,41,'https://via.placeholder.com/640x480.png/0066ee?text=incidunt','2024-07-04 01:39:10','2024-07-04 01:39:10'),(228,90,'https://via.placeholder.com/640x480.png/0099cc?text=delectus','2024-07-04 01:39:10','2024-07-04 01:39:10'),(229,42,'https://via.placeholder.com/640x480.png/007788?text=occaecati','2024-07-04 01:39:10','2024-07-04 01:39:10'),(230,95,'https://via.placeholder.com/640x480.png/0099bb?text=dolor','2024-07-04 01:39:10','2024-07-04 01:39:10'),(231,23,'https://via.placeholder.com/640x480.png/0055dd?text=officia','2024-07-04 01:39:10','2024-07-04 01:39:10'),(232,83,'https://via.placeholder.com/640x480.png/0033bb?text=fuga','2024-07-04 01:39:10','2024-07-04 01:39:10'),(234,58,'https://via.placeholder.com/640x480.png/005555?text=minima','2024-07-04 01:39:10','2024-07-04 01:39:10'),(235,27,'https://via.placeholder.com/640x480.png/00ee33?text=eos','2024-07-04 01:39:10','2024-07-04 01:39:10'),(236,21,'https://via.placeholder.com/640x480.png/000099?text=omnis','2024-07-04 01:39:10','2024-07-04 01:39:10'),(238,16,'https://via.placeholder.com/640x480.png/00aa99?text=sed','2024-07-04 01:39:10','2024-07-04 01:39:10'),(239,30,'https://via.placeholder.com/640x480.png/005511?text=illum','2024-07-04 01:39:10','2024-07-04 01:39:10'),(240,28,'https://via.placeholder.com/640x480.png/002200?text=quod','2024-07-04 01:39:10','2024-07-04 01:39:10'),(241,96,'https://via.placeholder.com/640x480.png/000044?text=repellendus','2024-07-04 01:39:10','2024-07-04 01:39:10'),(242,51,'https://via.placeholder.com/640x480.png/002277?text=nobis','2024-07-04 01:39:10','2024-07-04 01:39:10'),(243,54,'https://via.placeholder.com/640x480.png/0044aa?text=sed','2024-07-04 01:39:10','2024-07-04 01:39:10'),(244,59,'https://via.placeholder.com/640x480.png/0033dd?text=quas','2024-07-04 01:39:10','2024-07-04 01:39:10'),(246,79,'https://via.placeholder.com/640x480.png/003311?text=voluptatem','2024-07-04 01:39:10','2024-07-04 01:39:10'),(247,82,'https://via.placeholder.com/640x480.png/008811?text=quia','2024-07-04 01:39:10','2024-07-04 01:39:10'),(249,64,'https://via.placeholder.com/640x480.png/009922?text=voluptatem','2024-07-04 01:39:10','2024-07-04 01:39:10'),(250,53,'https://via.placeholder.com/640x480.png/00ee22?text=enim','2024-07-04 01:39:10','2024-07-04 01:39:10'),(251,24,'https://via.placeholder.com/640x480.png/004488?text=et','2024-07-04 01:39:10','2024-07-04 01:39:10'),(252,13,'https://via.placeholder.com/640x480.png/0044dd?text=qui','2024-07-04 01:39:10','2024-07-04 01:39:10'),(253,67,'https://via.placeholder.com/640x480.png/00aaaa?text=autem','2024-07-04 01:39:10','2024-07-04 01:39:10'),(254,23,'https://via.placeholder.com/640x480.png/00dd00?text=aliquid','2024-07-04 01:39:10','2024-07-04 01:39:10'),(255,57,'https://via.placeholder.com/640x480.png/009988?text=et','2024-07-04 01:39:10','2024-07-04 01:39:10'),(256,27,'https://via.placeholder.com/640x480.png/000022?text=iste','2024-07-04 01:39:10','2024-07-04 01:39:10'),(257,13,'https://via.placeholder.com/640x480.png/000044?text=ipsa','2024-07-04 01:39:10','2024-07-04 01:39:10'),(258,8,'https://via.placeholder.com/640x480.png/001111?text=et','2024-07-04 01:39:10','2024-07-04 01:39:10'),(259,17,'https://via.placeholder.com/640x480.png/0044aa?text=minus','2024-07-04 01:39:10','2024-07-04 01:39:10'),(260,47,'https://via.placeholder.com/640x480.png/00ee77?text=eveniet','2024-07-04 01:39:10','2024-07-04 01:39:10'),(261,12,'https://via.placeholder.com/640x480.png/002211?text=et','2024-07-04 01:39:10','2024-07-04 01:39:10'),(262,82,'https://via.placeholder.com/640x480.png/00cc99?text=omnis','2024-07-04 01:39:10','2024-07-04 01:39:10'),(263,61,'https://via.placeholder.com/640x480.png/0055ff?text=ea','2024-07-04 01:39:10','2024-07-04 01:39:10'),(264,20,'https://via.placeholder.com/640x480.png/006666?text=blanditiis','2024-07-04 01:39:10','2024-07-04 01:39:10'),(266,26,'https://via.placeholder.com/640x480.png/000033?text=quia','2024-07-04 01:39:10','2024-07-04 01:39:10'),(267,47,'https://via.placeholder.com/640x480.png/0077ff?text=in','2024-07-04 01:39:10','2024-07-04 01:39:10'),(271,58,'https://via.placeholder.com/640x480.png/00ddcc?text=in','2024-07-04 01:39:11','2024-07-04 01:39:11'),(273,96,'https://via.placeholder.com/640x480.png/00bbff?text=ut','2024-07-04 01:39:11','2024-07-04 01:39:11'),(274,25,'https://via.placeholder.com/640x480.png/003388?text=quisquam','2024-07-04 01:39:11','2024-07-04 01:39:11'),(275,28,'https://via.placeholder.com/640x480.png/00cc88?text=a','2024-07-04 01:39:11','2024-07-04 01:39:11'),(276,68,'https://via.placeholder.com/640x480.png/00dd77?text=est','2024-07-04 01:39:11','2024-07-04 01:39:11'),(277,70,'https://via.placeholder.com/640x480.png/00dd33?text=cum','2024-07-04 01:39:11','2024-07-04 01:39:11'),(278,58,'https://via.placeholder.com/640x480.png/00bb77?text=pariatur','2024-07-04 01:39:11','2024-07-04 01:39:11'),(280,9,'https://via.placeholder.com/640x480.png/008877?text=dolores','2024-07-04 01:39:11','2024-07-04 01:39:11'),(282,10,'https://via.placeholder.com/640x480.png/00ffff?text=ut','2024-07-04 01:39:11','2024-07-04 01:39:11'),(283,74,'https://via.placeholder.com/640x480.png/003300?text=nam','2024-07-04 01:39:11','2024-07-04 01:39:11'),(284,42,'https://via.placeholder.com/640x480.png/007755?text=cum','2024-07-04 01:39:11','2024-07-04 01:39:11'),(285,93,'https://via.placeholder.com/640x480.png/002222?text=est','2024-07-04 01:39:11','2024-07-04 01:39:11'),(286,82,'https://via.placeholder.com/640x480.png/00bb66?text=laboriosam','2024-07-04 01:39:11','2024-07-04 01:39:11'),(287,94,'https://via.placeholder.com/640x480.png/00bb88?text=iste','2024-07-04 01:39:11','2024-07-04 01:39:11'),(288,46,'https://via.placeholder.com/640x480.png/003333?text=aut','2024-07-04 01:39:11','2024-07-04 01:39:11'),(289,11,'https://via.placeholder.com/640x480.png/0066ee?text=occaecati','2024-07-04 01:39:11','2024-07-04 01:39:11'),(290,87,'https://via.placeholder.com/640x480.png/000066?text=quia','2024-07-04 01:39:11','2024-07-04 01:39:11'),(291,61,'https://via.placeholder.com/640x480.png/00bb00?text=sint','2024-07-04 01:39:11','2024-07-04 01:39:11'),(292,15,'https://via.placeholder.com/640x480.png/006611?text=quo','2024-07-04 01:39:11','2024-07-04 01:39:11'),(293,82,'https://via.placeholder.com/640x480.png/005533?text=harum','2024-07-04 01:39:11','2024-07-04 01:39:11'),(295,57,'https://via.placeholder.com/640x480.png/00aa55?text=est','2024-07-04 01:39:11','2024-07-04 01:39:11'),(296,45,'https://via.placeholder.com/640x480.png/00ff99?text=ut','2024-07-04 01:39:11','2024-07-04 01:39:11'),(297,8,'https://via.placeholder.com/640x480.png/0099ee?text=laboriosam','2024-07-04 01:39:11','2024-07-04 01:39:11'),(298,13,'https://via.placeholder.com/640x480.png/00ccbb?text=quisquam','2024-07-04 01:39:11','2024-07-04 01:39:11'),(300,60,'https://via.placeholder.com/640x480.png/00ee88?text=vel','2024-07-04 01:39:11','2024-07-04 01:39:11'),(301,84,'https://via.placeholder.com/640x480.png/00ee22?text=cupiditate','2024-07-04 01:39:11','2024-07-04 01:39:11'),(302,75,'https://via.placeholder.com/640x480.png/0055ff?text=dolorem','2024-07-04 01:39:11','2024-07-04 01:39:11'),(303,69,'https://via.placeholder.com/640x480.png/001199?text=ipsum','2024-07-04 01:39:11','2024-07-04 01:39:11'),(304,56,'https://via.placeholder.com/640x480.png/003300?text=ex','2024-07-04 01:39:11','2024-07-04 01:39:11'),(305,92,'https://via.placeholder.com/640x480.png/0066ff?text=porro','2024-07-04 01:39:11','2024-07-04 01:39:11'),(306,11,'https://via.placeholder.com/640x480.png/00aadd?text=velit','2024-07-04 01:39:11','2024-07-04 01:39:11'),(307,60,'https://via.placeholder.com/640x480.png/00bbbb?text=eum','2024-07-04 01:39:11','2024-07-04 01:39:11'),(308,49,'https://via.placeholder.com/640x480.png/009933?text=natus','2024-07-04 01:39:11','2024-07-04 01:39:11'),(309,86,'https://via.placeholder.com/640x480.png/00ddee?text=aut','2024-07-04 01:39:11','2024-07-04 01:39:11'),(310,59,'https://via.placeholder.com/640x480.png/0033aa?text=deserunt','2024-07-04 01:39:11','2024-07-04 01:39:11'),(311,92,'https://via.placeholder.com/640x480.png/003311?text=qui','2024-07-04 01:39:11','2024-07-04 01:39:11'),(312,18,'https://via.placeholder.com/640x480.png/00ffbb?text=dignissimos','2024-07-04 01:39:11','2024-07-04 01:39:11'),(313,68,'https://via.placeholder.com/640x480.png/003366?text=molestias','2024-07-04 01:39:11','2024-07-04 01:39:11'),(314,78,'https://via.placeholder.com/640x480.png/00aabb?text=aspernatur','2024-07-04 01:39:11','2024-07-04 01:39:11'),(315,62,'https://via.placeholder.com/640x480.png/00bbbb?text=adipisci','2024-07-04 01:39:11','2024-07-04 01:39:11'),(316,49,'https://via.placeholder.com/640x480.png/004455?text=suscipit','2024-07-04 01:39:11','2024-07-04 01:39:11'),(317,25,'https://via.placeholder.com/640x480.png/00bbcc?text=aut','2024-07-04 01:39:11','2024-07-04 01:39:11'),(319,63,'https://via.placeholder.com/640x480.png/0088dd?text=sint','2024-07-04 01:39:11','2024-07-04 01:39:11'),(320,30,'https://via.placeholder.com/640x480.png/0033aa?text=doloribus','2024-07-04 01:39:11','2024-07-04 01:39:11'),(321,77,'https://via.placeholder.com/640x480.png/003300?text=repellat','2024-07-04 01:39:11','2024-07-04 01:39:11'),(322,19,'https://via.placeholder.com/640x480.png/00eebb?text=mollitia','2024-07-04 01:39:11','2024-07-04 01:39:11'),(324,80,'https://via.placeholder.com/640x480.png/00ff99?text=voluptatibus','2024-07-04 01:39:11','2024-07-04 01:39:11'),(326,61,'https://via.placeholder.com/640x480.png/00aa00?text=eum','2024-07-04 01:39:11','2024-07-04 01:39:11'),(327,31,'https://via.placeholder.com/640x480.png/00dd77?text=odio','2024-07-04 01:39:11','2024-07-04 01:39:11'),(328,61,'https://via.placeholder.com/640x480.png/0044bb?text=impedit','2024-07-04 01:39:11','2024-07-04 01:39:11'),(329,57,'https://via.placeholder.com/640x480.png/004488?text=aut','2024-07-04 01:39:11','2024-07-04 01:39:11'),(330,86,'https://via.placeholder.com/640x480.png/0022bb?text=sed','2024-07-04 01:39:11','2024-07-04 01:39:11'),(331,84,'https://via.placeholder.com/640x480.png/000011?text=voluptates','2024-07-04 01:39:11','2024-07-04 01:39:11'),(332,56,'https://via.placeholder.com/640x480.png/0055bb?text=ab','2024-07-04 01:39:11','2024-07-04 01:39:11'),(333,55,'https://via.placeholder.com/640x480.png/002277?text=suscipit','2024-07-04 01:39:11','2024-07-04 01:39:11'),(334,30,'https://via.placeholder.com/640x480.png/00bb00?text=qui','2024-07-04 01:39:11','2024-07-04 01:39:11'),(335,12,'https://via.placeholder.com/640x480.png/0099dd?text=enim','2024-07-04 01:39:11','2024-07-04 01:39:11'),(336,52,'https://via.placeholder.com/640x480.png/0099ff?text=perferendis','2024-07-04 01:39:11','2024-07-04 01:39:11'),(337,41,'https://via.placeholder.com/640x480.png/00cc99?text=optio','2024-07-04 01:39:11','2024-07-04 01:39:11'),(338,41,'https://via.placeholder.com/640x480.png/004411?text=asperiores','2024-07-04 01:39:11','2024-07-04 01:39:11'),(339,64,'https://via.placeholder.com/640x480.png/007777?text=nisi','2024-07-04 01:39:11','2024-07-04 01:39:11'),(340,44,'https://via.placeholder.com/640x480.png/005588?text=ab','2024-07-04 01:39:11','2024-07-04 01:39:11'),(341,68,'https://via.placeholder.com/640x480.png/000055?text=ut','2024-07-04 01:39:11','2024-07-04 01:39:11'),(342,51,'https://via.placeholder.com/640x480.png/0099ff?text=velit','2024-07-04 01:39:11','2024-07-04 01:39:11'),(343,69,'https://via.placeholder.com/640x480.png/000022?text=dicta','2024-07-04 01:39:11','2024-07-04 01:39:11'),(344,15,'https://via.placeholder.com/640x480.png/00dd11?text=eos','2024-07-04 01:39:11','2024-07-04 01:39:11'),(345,10,'https://via.placeholder.com/640x480.png/00ee66?text=ut','2024-07-04 01:39:11','2024-07-04 01:39:11'),(346,73,'https://via.placeholder.com/640x480.png/00ee77?text=ab','2024-07-04 01:39:11','2024-07-04 01:39:11'),(347,50,'https://via.placeholder.com/640x480.png/00cccc?text=libero','2024-07-04 01:39:11','2024-07-04 01:39:11'),(348,86,'https://via.placeholder.com/640x480.png/000055?text=natus','2024-07-04 01:39:11','2024-07-04 01:39:11'),(349,75,'https://via.placeholder.com/640x480.png/006611?text=nisi','2024-07-04 01:39:11','2024-07-04 01:39:11'),(350,20,'https://via.placeholder.com/640x480.png/00ffee?text=consequatur','2024-07-04 01:39:11','2024-07-04 01:39:11'),(351,21,'https://via.placeholder.com/640x480.png/00ff44?text=laudantium','2024-07-04 01:39:11','2024-07-04 01:39:11'),(352,90,'https://via.placeholder.com/640x480.png/0000ee?text=et','2024-07-04 01:39:11','2024-07-04 01:39:11'),(353,71,'https://via.placeholder.com/640x480.png/00ccee?text=reiciendis','2024-07-04 01:39:11','2024-07-04 01:39:11'),(354,59,'https://via.placeholder.com/640x480.png/00aa33?text=adipisci','2024-07-04 01:39:11','2024-07-04 01:39:11'),(355,11,'https://via.placeholder.com/640x480.png/00ccee?text=quo','2024-07-04 01:39:11','2024-07-04 01:39:11'),(356,43,'https://via.placeholder.com/640x480.png/006611?text=labore','2024-07-04 01:39:11','2024-07-04 01:39:11'),(357,64,'https://via.placeholder.com/640x480.png/0033bb?text=accusantium','2024-07-04 01:39:11','2024-07-04 01:39:11'),(358,87,'https://via.placeholder.com/640x480.png/008877?text=id','2024-07-04 01:39:11','2024-07-04 01:39:11'),(359,40,'https://via.placeholder.com/640x480.png/00ffff?text=est','2024-07-04 01:39:11','2024-07-04 01:39:11'),(360,45,'https://via.placeholder.com/640x480.png/00aadd?text=dolorem','2024-07-04 01:39:11','2024-07-04 01:39:11'),(361,76,'https://via.placeholder.com/640x480.png/008899?text=iusto','2024-07-04 01:39:11','2024-07-04 01:39:11'),(362,99,'https://via.placeholder.com/640x480.png/005577?text=tempore','2024-07-04 01:39:11','2024-07-04 01:39:11'),(363,48,'https://via.placeholder.com/640x480.png/00bb11?text=et','2024-07-04 01:39:11','2024-07-04 01:39:11'),(364,29,'https://via.placeholder.com/640x480.png/0055aa?text=exercitationem','2024-07-04 01:39:11','2024-07-04 01:39:11'),(365,69,'https://via.placeholder.com/640x480.png/00dd99?text=est','2024-07-04 01:39:11','2024-07-04 01:39:11'),(366,49,'https://via.placeholder.com/640x480.png/00aa66?text=recusandae','2024-07-04 01:39:11','2024-07-04 01:39:11'),(367,47,'https://via.placeholder.com/640x480.png/00bb44?text=dolorum','2024-07-04 01:39:11','2024-07-04 01:39:11'),(368,30,'https://via.placeholder.com/640x480.png/007755?text=cupiditate','2024-07-04 01:39:11','2024-07-04 01:39:11'),(369,15,'https://via.placeholder.com/640x480.png/002266?text=nisi','2024-07-04 01:39:11','2024-07-04 01:39:11'),(370,59,'https://via.placeholder.com/640x480.png/006677?text=excepturi','2024-07-04 01:39:11','2024-07-04 01:39:11'),(371,64,'https://via.placeholder.com/640x480.png/002211?text=hic','2024-07-04 01:39:11','2024-07-04 01:39:11'),(373,94,'https://via.placeholder.com/640x480.png/000088?text=voluptatibus','2024-07-04 01:39:11','2024-07-04 01:39:11'),(374,14,'https://via.placeholder.com/640x480.png/000066?text=laboriosam','2024-07-04 01:39:11','2024-07-04 01:39:11'),(375,11,'https://via.placeholder.com/640x480.png/00aa55?text=eveniet','2024-07-04 01:39:11','2024-07-04 01:39:11'),(376,15,'https://via.placeholder.com/640x480.png/0044dd?text=voluptates','2024-07-04 01:39:11','2024-07-04 01:39:11'),(377,8,'https://via.placeholder.com/640x480.png/00eedd?text=consequatur','2024-07-04 01:39:11','2024-07-04 01:39:11'),(378,29,'https://via.placeholder.com/640x480.png/007722?text=natus','2024-07-04 01:39:11','2024-07-04 01:39:11'),(379,52,'https://via.placeholder.com/640x480.png/0033aa?text=voluptatem','2024-07-04 01:39:11','2024-07-04 01:39:11'),(381,48,'https://via.placeholder.com/640x480.png/0022cc?text=ut','2024-07-04 01:39:11','2024-07-04 01:39:11'),(382,93,'https://via.placeholder.com/640x480.png/0000dd?text=facilis','2024-07-04 01:39:11','2024-07-04 01:39:11'),(384,31,'https://via.placeholder.com/640x480.png/008899?text=dolorum','2024-07-04 01:39:11','2024-07-04 01:39:11'),(385,28,'https://via.placeholder.com/640x480.png/00ffff?text=perferendis','2024-07-04 01:39:11','2024-07-04 01:39:11'),(386,9,'https://via.placeholder.com/640x480.png/001199?text=quia','2024-07-04 01:39:11','2024-07-04 01:39:11'),(387,31,'https://via.placeholder.com/640x480.png/0066aa?text=modi','2024-07-04 01:39:11','2024-07-04 01:39:11'),(388,87,'https://via.placeholder.com/640x480.png/00ff66?text=officiis','2024-07-04 01:39:11','2024-07-04 01:39:11'),(389,92,'https://via.placeholder.com/640x480.png/00aa11?text=dolor','2024-07-04 01:39:11','2024-07-04 01:39:11'),(390,70,'https://via.placeholder.com/640x480.png/004455?text=error','2024-07-04 01:39:11','2024-07-04 01:39:11'),(391,59,'https://via.placeholder.com/640x480.png/006655?text=dolores','2024-07-04 01:39:11','2024-07-04 01:39:11'),(392,73,'https://via.placeholder.com/640x480.png/00cc88?text=reiciendis','2024-07-04 01:39:11','2024-07-04 01:39:11'),(393,43,'https://via.placeholder.com/640x480.png/00aaff?text=id','2024-07-04 01:39:11','2024-07-04 01:39:11'),(394,60,'https://via.placeholder.com/640x480.png/0033cc?text=dolorem','2024-07-04 01:39:11','2024-07-04 01:39:11'),(395,14,'https://via.placeholder.com/640x480.png/004466?text=explicabo','2024-07-04 01:39:11','2024-07-04 01:39:11'),(397,91,'https://via.placeholder.com/640x480.png/00ee11?text=ea','2024-07-04 01:39:11','2024-07-04 01:39:11'),(398,25,'https://via.placeholder.com/640x480.png/00aa99?text=qui','2024-07-04 01:39:11','2024-07-04 01:39:11'),(399,46,'https://via.placeholder.com/640x480.png/0044ff?text=est','2024-07-04 01:39:11','2024-07-04 01:39:11'),(400,79,'https://via.placeholder.com/640x480.png/006655?text=rerum','2024-07-04 01:39:11','2024-07-04 01:39:11'),(403,1,'http://127.0.0.1:8000/images/20240803110825.jpeg','2024-08-03 15:08:25','2024-08-03 15:08:25'),(404,34,'http://127.0.0.1:8000/images/20240804141458.webp','2024-08-04 18:14:58','2024-08-04 18:14:58'),(405,35,'http://127.0.0.1:8000/images/20240804141718.jpeg','2024-08-04 18:17:18','2024-08-04 18:17:18'),(406,36,'http://127.0.0.1:8000/images/20240804141846.jpeg','2024-08-04 18:18:46','2024-08-04 18:18:46'),(407,37,'http://127.0.0.1:8000/images/20240804141952.jpeg','2024-08-04 18:19:52','2024-08-04 18:19:52'),(408,38,'http://127.0.0.1:8000/images/20240804142056.jpeg','2024-08-04 18:20:56','2024-08-04 18:20:56'),(409,2,'http://127.0.0.1:8000/images/20240804142829.jpeg','2024-08-04 18:28:29','2024-08-04 18:28:29'),(410,3,'http://127.0.0.1:8000/images/20240804142944.jpeg','2024-08-04 18:29:44','2024-08-04 18:29:44'),(411,4,'http://127.0.0.1:8000/images/20240804143055.jpeg','2024-08-04 18:30:55','2024-08-04 18:30:55'),(412,5,'http://127.0.0.1:8000/images/20240804143151.jpeg','2024-08-04 18:31:51','2024-08-04 18:31:51'),(413,6,'http://127.0.0.1:8000/images/20240804143237.jpeg','2024-08-04 18:32:37','2024-08-04 18:32:37'),(414,7,'http://127.0.0.1:8000/images/20240804143320.jpeg','2024-08-04 18:33:20','2024-08-04 18:33:20'),(415,39,'http://127.0.0.1:8000/images/20240804143515.jpeg','2024-08-04 18:35:15','2024-08-04 18:35:15');
/*!40000 ALTER TABLE `product_images` ENABLE KEYS */;

--
-- Table structure for table `products`
--

DROP TABLE IF EXISTS `products`;
/*!40101 SET @saved_cs_client     = @@character_set_client */;
/*!50503 SET character_set_client = utf8mb4 */;
CREATE TABLE `products` (
  `id` bigint(20) unsigned NOT NULL AUTO_INCREMENT,
  `category` bigint(20) unsigned DEFAULT NULL,
  `title` text NOT NULL,
  `description` text NOT NULL,
  `rating` varchar(255) NOT NULL DEFAULT '0',
  `ratings_number` varchar(255) NOT NULL DEFAULT '0',
  `price` varchar(255) NOT NULL,
  `discount` varchar(255) NOT NULL DEFAULT '0',
  `About` text NOT NULL,
  `status` varchar(255) NOT NULL DEFAULT 'draft',
  `created_at` timestamp NULL DEFAULT NULL,
  `updated_at` timestamp NULL DEFAULT NULL,
  `quantity` int(11) DEFAULT 1,
  PRIMARY KEY (`id`),
  KEY `products_category_foreign` (`category`),
  CONSTRAINT `products_category_foreign` FOREIGN KEY (`category`) REFERENCES `categories` (`id`) ON DELETE CASCADE ON UPDATE CASCADE
) ENGINE=InnoDB AUTO_INCREMENT=102 DEFAULT CHARSET=utf8mb4 COLLATE=utf8mb4_unicode_ci;
/*!40101 SET character_set_client = @saved_cs_client */;

--
-- Dumping data for table `products`
--

/*!40000 ALTER TABLE `products` DISABLE KEYS */;
INSERT INTO `products` VALUES (1,50,'Red lipstick','Quod veniam exercitationem aut nam nostrum dolores minus.','5','0','154','29','Deleniti vel nemo voluptatibus omnis placeat.','published','2024-07-04 01:39:07','2024-08-04 18:27:41',1),(2,47,'hair color','A nobis dolorem est omnis dolorum sint porro maxime.','5','0','77','13','Fugiat repudiandae aperiam corporis repellendus impedit sunt.','published','2024-07-04 01:39:07','2024-08-04 18:28:32',1),(3,46,'sunscreen product','Est qui vero voluptatem.','5','0','167','77','Quam ea architecto distinctio rerum ut sit et.','published','2024-07-04 01:39:07','2024-08-04 18:29:48',1),(4,40,'eye shadow palette','Animi ut ducimus laudantium.','5','0','156','94','Ex nemo voluptatem illo officia.','published','2024-07-04 01:39:07','2024-08-04 18:30:59',1),(5,51,'hair shampoo','Et quae perspiciatis beatae aperiam temporibus aut.','5','0','92','40','Consequatur et necessitatibus neque voluptas repellat iste sit tempora.','published','2024-07-04 01:39:07','2024-08-04 18:31:54',1),(6,50,'red lipstick','Labore et in ut animi qui unde et.','5','0','71','44','Ipsam labore nihil minus laborum non cumque.','published','2024-07-04 01:39:07','2024-08-04 18:32:40',1),(7,44,'luxury perfume','Facere excepturi ipsam natus voluptas molestias voluptatum.','5','0','75','37','Repudiandae aut modi et quidem eveniet vero itaque.','published','2024-07-04 01:39:07','2024-08-04 18:33:24',1),(8,10,'Sit debitis officia itaque consectetur corrupti quidem totam nihil.','Delectus neque cumque ut consequatur aut iste.','0','0','74','40','Non iste pariatur ea.','published','2024-07-04 01:39:07','2024-07-04 01:39:07',1),(9,27,'Voluptatem vel doloribus molestias animi sunt.','Illo earum consequatur praesentium aperiam amet.','0','0','128','38','Qui similique debitis consequatur dolores quam excepturi voluptatem.','published','2024-07-04 01:39:07','2024-07-04 01:39:07',1),(10,33,'Culpa magni repudiandae nobis ut vel quidem quo voluptatem.','Possimus culpa sint sed voluptatem.','0','0','121','80','Aut enim molestiae et nam itaque fuga est.','published','2024-07-04 01:39:07','2024-07-04 01:39:07',1),(11,14,'Repellendus iste dolorem et suscipit et ad.','Placeat unde officia quia veritatis accusamus.','0','0','73','88','Dolorum veniam tempora dolorum repellat nobis.','published','2024-07-04 01:39:07','2024-07-04 01:39:07',1),(12,19,'Nihil earum eos aut itaque.','Et maiores doloribus error dolorem quam.','0','0','109','9','Quas saepe et sunt est dicta.','published','2024-07-04 01:39:07','2024-07-04 01:39:07',1),(13,23,'Odit deleniti voluptate a et.','Enim molestias consequuntur et odio ab dolor aut est.','0','0','159','87','Molestiae reprehenderit veritatis unde consequuntur ullam.','published','2024-07-04 01:39:07','2024-07-04 01:39:07',1),(14,23,'Pariatur est mollitia est quis quibusdam.','Earum blanditiis officia amet provident quas eum molestias.','0','0','125','30','Provident consequuntur ut libero vero.','published','2024-07-04 01:39:07','2024-07-04 01:39:07',1),(15,12,'Et quis numquam veniam dolor dolor vero non.','Qui nobis reprehenderit et ab amet omnis.','0','0','107','91','Est temporibus in temporibus labore aliquid itaque.','published','2024-07-04 01:39:07','2024-07-04 01:39:07',1),(16,8,'Tenetur ut nisi nostrum soluta veniam voluptatem est dolorem.','Et voluptas rerum harum eaque placeat debitis.','0','0','112','0','Sed autem ipsam facilis porro eaque officiis.','published','2024-07-04 01:39:07','2024-07-04 01:39:07',1),(17,9,'Omnis nobis impedit fugit repellat et.','Reprehenderit quam ea qui ea sit amet.','0','0','139','45','Enim quas aut et vel debitis quas.','published','2024-07-04 01:39:07','2024-07-04 01:39:07',1),(18,8,'Hic blanditiis dolorum aperiam ab et nesciunt.','Et repellendus asperiores ex ut dicta harum.','0','0','195','45','Qui porro et magni ea.','published','2024-07-04 01:39:07','2024-07-04 01:39:07',1),(19,16,'Cum odit alias sunt voluptate incidunt minus.','Accusamus blanditiis perferendis temporibus laudantium non et rerum.','0','0','71','100','Aliquid ea corrupti omnis asperiores id.','published','2024-07-04 01:39:07','2024-07-04 01:39:07',1),(20,18,'Laborum illo molestiae non repellendus quibusdam velit.','Impedit ipsam earum suscipit optio aut qui.','0','0','199','42','Omnis eaque veniam quasi eos.','published','2024-07-04 01:39:07','2024-07-04 01:39:07',1),(21,21,'Incidunt perspiciatis molestiae iusto modi consequatur dolores officia.','Asperiores ex maxime perspiciatis dolorum explicabo blanditiis.','0','0','93','49','Exercitationem qui dolore et dignissimos.','published','2024-07-04 01:39:07','2024-07-04 01:39:07',1),(22,42,'Sit tempore nam tempora excepturi id veniam culpa ut.','Aut autem dolorem vitae qui.','0','0','92','72','In praesentium provident aut iusto ipsum natus quam.','published','2024-07-04 01:39:07','2024-07-04 01:39:07',1),(23,49,'Totam nemo aut odio est quia.','Doloribus ab ut voluptas eos voluptas facere rem.','0','0','108','24','Sed et exercitationem qui dolores corporis ratione.','published','2024-07-04 01:39:07','2024-07-04 01:39:07',1),(24,11,'Et debitis aut aliquid dolores dolore dolor quos.','Est aut omnis iste qui quia.','0','0','198','97','Alias et in sit doloribus et.','published','2024-07-04 01:39:07','2024-07-04 01:39:07',1),(25,8,'Magnam numquam id ex id sunt porro sed nisi.','Ab vel est similique enim reprehenderit.','0','0','78','82','Quaerat suscipit sint voluptas nesciunt dolor.','published','2024-07-04 01:39:07','2024-07-04 01:39:07',1),(26,11,'Quaerat excepturi quas qui est quibusdam.','Accusantium laudantium aperiam rem nemo voluptatem aliquam minima.','0','0','103','67','Odio quisquam non quasi voluptas eos aspernatur amet in.','published','2024-07-04 01:39:07','2024-07-04 01:39:07',1),(27,10,'Qui nesciunt voluptas sint blanditiis deserunt.','Vel harum ratione quo qui alias et.','0','0','172','73','Et dicta perferendis qui cumque labore eius.','published','2024-07-04 01:39:07','2024-07-04 01:39:07',1),(28,14,'Reprehenderit ut iste sed placeat.','Aut omnis eligendi quia eaque sed et reprehenderit voluptas.','0','0','118','84','Quis repudiandae itaque consectetur modi nisi reiciendis.','published','2024-07-04 01:39:07','2024-07-04 01:39:07',1),(29,22,'Nisi voluptates doloribus quis soluta deleniti eveniet explicabo veniam.','Et sed consequuntur ullam enim accusamus.','0','0','114','87','Nulla ut qui omnis et delectus tenetur iure reiciendis.','published','2024-07-04 01:39:07','2024-07-04 01:39:07',1),(30,35,'Occaecati maiores sit consequatur aut qui ducimus.','Quas ut eum iste autem eos.','0','0','198','40','Reiciendis voluptatibus omnis qui tenetur alias aut.','published','2024-07-04 01:39:07','2024-07-04 01:39:07',1),(31,2,'Aut facilis harum quae quia ea illum.','Fuga voluptatem quia consequatur omnis.','0','0','104','96','Dolores est quia natus aut et veritatis.','published','2024-07-04 01:39:07','2024-07-04 01:39:07',1),(32,7,'Eum et ipsam quia et.','Sunt corporis veritatis placeat incidunt quae esse amet.','0','0','169','30','Et cumque inventore laboriosam ea.','published','2024-07-04 01:39:07','2024-07-04 01:39:07',1),(33,20,'Officia modi porro modi dolor eos et aut.','Iste tempore dolor possimus ut saepe ad.','0','0','128','5','Nihil facilis cumque provident est illo suscipit omnis.','published','2024-07-04 01:39:07','2024-07-04 01:39:07',1),(34,48,'leave in conditioner','Quaerat corrupti asperiores numquam ullam quam repellat repellendus.','5','0','107','67','Mollitia adipisci esse consectetur qui sapiente.','published','2024-07-04 01:39:08','2024-08-04 18:15:02',1),(35,44,'luxury perfume','Quidem dolores ipsum non sunt dolorem eos.','4.9','0','116','17','Doloremque quo illo eveniet fuga libero at dolores.','published','2024-07-04 01:39:08','2024-08-04 18:17:23',1),(36,50,'red lipstick','Sit enim accusamus ratione laborum praesentium quia.','3','0','84','5','Error consequatur voluptas iure laudantium cumque labore.','published','2024-07-04 01:39:08','2024-08-04 18:18:49',1),(37,29,'hair shampoo','Repudiandae laudantium quia id labore eaque.','2.7','0','94','11','Et et quia porro sint.','published','2024-07-04 01:39:08','2024-08-04 18:19:56',1),(38,30,'black mascara','Minus quia necessitatibus necessitatibus.','4','0','127','9','Quae beatae rerum temporibus.','published','2024-07-04 01:39:08','2024-08-04 18:21:00',1),(39,49,'eye shadow palette','Ducimus aliquid ut et facere dolor quisquam.','3.2','0','111','93','Sunt nisi harum iure est necessitatibus dolorem consequuntur.','published','2024-07-04 01:39:08','2024-08-04 18:35:30',1),(40,22,'Commodi corrupti esse qui beatae.','Cum eaque maiores aut consectetur et minus itaque est.','0','0','147','47','Vel odio incidunt vel dolores quidem ab delectus sunt.','published','2024-07-04 01:39:08','2024-07-04 01:39:08',1),(41,49,'Vel eligendi quis quis est eos vel.','Nam quia excepturi modi ea at sapiente dignissimos.','0','0','191','94','Eum et nostrum porro quod ratione quia qui.','published','2024-07-04 01:39:08','2024-07-04 01:39:08',1),(42,2,'Aut repudiandae in quae et assumenda dolores est.','Est qui accusamus ut reiciendis minus quas omnis.','0','0','185','88','Odio minima veritatis est pariatur est fuga quam.','published','2024-07-04 01:39:08','2024-07-04 01:39:08',1),(43,25,'Quia aut fuga sed ut placeat et suscipit libero.','Vel minus eos aliquam velit corrupti eum ad provident.','0','0','79','9','Quia sed nemo necessitatibus ratione quas et.','published','2024-07-04 01:39:08','2024-07-04 01:39:08',1),(44,42,'Possimus dolorem at quasi commodi unde corrupti ut.','Quaerat placeat molestias fugiat sit corrupti blanditiis pariatur.','0','0','133','48','Alias aspernatur inventore quis harum autem doloremque minima.','published','2024-07-04 01:39:08','2024-07-04 01:39:08',1),(45,35,'Eaque quas alias fuga suscipit distinctio rerum assumenda.','Delectus sit excepturi ducimus libero sit velit ab.','0','0','181','53','Consequatur modi ratione est sunt consectetur qui fuga.','published','2024-07-04 01:39:08','2024-07-04 01:39:08',1),(46,44,'Velit vel enim nostrum sapiente.','Ad facere nesciunt molestiae.','0','0','193','62','Alias eligendi dolorem aut minima.','published','2024-07-04 01:39:08','2024-07-04 01:39:08',1),(47,48,'Possimus autem enim enim nemo nesciunt.','Sit velit non molestias incidunt autem.','0','0','111','92','Numquam quis quo id repellendus.','published','2024-07-04 01:39:08','2024-07-04 01:39:08',1),(48,25,'Nisi fugiat sed ipsa repellendus deleniti in.','Soluta ea porro quia amet ipsam minima.','0','0','143','100','Aut ratione numquam voluptates voluptas voluptas.','published','2024-07-04 01:39:08','2024-07-04 01:39:08',1),(49,9,'Et non molestias qui ducimus.','Porro aut at dolorem officiis aut necessitatibus est.','0','0','132','10','Laborum quo in temporibus nobis sed.','published','2024-07-04 01:39:08','2024-07-04 01:39:08',1),(50,21,'Sed voluptatum excepturi similique ut amet voluptate mollitia.','Aliquam earum aut rem ut quod.','0','0','154','30','Odit nostrum aspernatur repudiandae tempora eos.','published','2024-07-04 01:39:08','2024-07-04 01:39:08',1),(51,49,'Voluptatibus architecto asperiores et porro.','Qui quia deleniti et in quidem tempora.','0','0','89','37','Porro officia totam soluta rerum consequatur nihil nostrum nostrum.','published','2024-07-04 01:39:08','2024-07-04 01:39:08',1),(52,26,'Omnis eius sed autem est.','Minus dicta numquam esse quaerat ut consequatur molestiae.','0','0','87','28','Quia itaque deserunt tenetur aut voluptas ut velit.','published','2024-07-04 01:39:08','2024-07-04 01:39:08',1),(53,2,'Eos aperiam eos dolorem.','Dolores ipsam quia qui distinctio.','0','0','159','5','Rerum sint quas nesciunt in dignissimos temporibus.','published','2024-07-04 01:39:08','2024-07-04 01:39:08',1),(54,42,'Quibusdam aut corrupti quia ab modi dolorem.','Voluptate quasi repudiandae nihil accusantium voluptatum.','0','0','147','4','Numquam hic sint doloremque rerum dolores sed.','published','2024-07-04 01:39:08','2024-07-04 01:39:08',1),(55,1,'Corporis est similique delectus.','Voluptatibus atque reiciendis illo eos consequatur quia at.','0','0','191','6','Est aut minus magni qui quod in facilis minus.','published','2024-07-04 01:39:08','2024-07-04 01:39:08',1),(56,23,'Sed nulla sed aut asperiores est.','Illum similique impedit commodi quam qui.','0','0','87','66','Officiis placeat perferendis libero non.','published','2024-07-04 01:39:08','2024-07-04 01:39:08',1),(57,5,'Aperiam et aperiam illum necessitatibus repellat est placeat.','Omnis eligendi inventore occaecati perferendis non ut et.','0','0','90','2','Dolorem est et ducimus.','published','2024-07-04 01:39:08','2024-07-04 01:39:08',1),(58,19,'Culpa modi illo delectus ut molestiae facere occaecati.','Culpa ut eaque eum quo accusamus.','0','0','119','7','Quasi quia ducimus officia soluta voluptates.','published','2024-07-04 01:39:08','2024-07-04 01:39:08',1),(59,33,'Soluta ea aut sapiente velit tenetur.','Odio suscipit dolores illo molestiae amet molestiae.','0','0','153','56','Modi voluptatem consequatur quia iusto.','published','2024-07-04 01:39:08','2024-07-04 01:39:08',1),(60,45,'Numquam magni nisi molestiae a saepe non itaque debitis.','Perferendis dolorum enim nihil doloremque.','0','0','200','82','Et dolores nulla enim non.','published','2024-07-04 01:39:08','2024-07-04 01:39:08',1),(61,29,'Quas itaque est consectetur ut commodi.','Velit accusantium aut at vel.','0','0','92','35','Occaecati sit perspiciatis eius.','published','2024-07-04 01:39:08','2024-07-04 01:39:08',1),(62,38,'Corporis fugiat molestiae incidunt et distinctio rerum.','Ut modi maxime ut esse repellendus sit.','0','0','78','94','Nulla eos saepe ut cupiditate cupiditate et reprehenderit.','published','2024-07-04 01:39:08','2024-07-04 01:39:08',1),(63,44,'Est aut deleniti sint enim.','Aut voluptates hic voluptates maxime.','0','0','101','3','Quia eius aut ad ipsum quisquam.','published','2024-07-04 01:39:08','2024-07-04 01:39:08',1),(64,48,'Ut et eius quo sint sit est voluptatibus.','Sunt quod eum praesentium harum omnis sed.','0','0','142','59','Est perspiciatis adipisci velit laborum.','published','2024-07-04 01:39:08','2024-07-04 01:39:08',1),(65,36,'Aperiam vel harum nesciunt occaecati quasi quia voluptatem molestias.','Ut perspiciatis et nostrum itaque temporibus.','0','0','114','34','Saepe molestiae ullam voluptatem dolorem dolor.','published','2024-07-04 01:39:08','2024-07-04 01:39:08',1),(66,23,'Suscipit dolorem aut ullam sit.','Molestias similique sunt repellendus id.','0','0','89','77','Sequi quaerat quia totam dolorem ut aut.','published','2024-07-04 01:39:08','2024-07-04 01:39:08',1),(67,35,'Consectetur id ipsum maiores a nostrum pariatur.','Odio est modi at corporis id amet nostrum.','0','0','182','70','Vel quos voluptas et voluptates est.','published','2024-07-04 01:39:08','2024-07-04 01:39:08',1),(68,12,'Sapiente et animi sapiente earum iusto.','Ut asperiores dolores vel modi beatae molestiae suscipit.','0','0','103','39','Et esse earum accusantium.','published','2024-07-04 01:39:08','2024-07-04 01:39:08',1),(69,2,'Minus reprehenderit nobis sit et labore.','Molestiae quibusdam nulla quam molestias assumenda quam.','0','0','133','53','Voluptas vitae excepturi qui ex asperiores quibusdam repellendus.','published','2024-07-04 01:39:08','2024-07-04 01:39:08',1),(70,32,'Reiciendis consequatur consequatur qui explicabo natus cupiditate ex.','Magni dolore officiis aut cupiditate ullam dolorem.','0','0','183','65','Dolores atque optio labore odit sint voluptas.','published','2024-07-04 01:39:08','2024-07-04 01:39:08',1),(71,19,'Tempora dolor et eos dolores possimus vel.','Earum deserunt incidunt aut quia quis ipsum cupiditate a.','0','0','148','42','Accusantium similique non autem.','published','2024-07-04 01:39:08','2024-07-04 01:39:08',1),(72,8,'Animi autem officiis omnis autem facilis laboriosam inventore molestias.','Temporibus suscipit velit minima placeat vitae.','0','0','98','2','Saepe perferendis sed veniam sed.','published','2024-07-04 01:39:08','2024-07-04 01:39:08',1),(73,48,'Et doloremque omnis et qui earum debitis.','Quisquam eos quasi porro deserunt a.','0','0','88','16','Debitis consequatur non repudiandae dignissimos omnis.','published','2024-07-04 01:39:08','2024-07-04 01:39:08',1),(74,33,'Ipsum modi atque consectetur velit assumenda.','Non dolorem doloremque dolorem quae quia est minima.','0','0','82','25','Ullam mollitia quo ad commodi quam iusto laudantium.','published','2024-07-04 01:39:08','2024-07-04 01:39:08',1),(75,43,'Sed ducimus et ex quasi.','Nihil sint qui quaerat mollitia rerum itaque omnis.','0','0','150','86','Aliquid occaecati quod error ipsam.','published','2024-07-04 01:39:08','2024-07-04 01:39:08',1),(76,43,'Nobis vel sit autem maxime ratione necessitatibus.','Ullam et ea aut et similique iusto et.','0','0','190','77','Et nihil tenetur atque rerum.','published','2024-07-04 01:39:08','2024-07-04 01:39:08',1),(77,50,'Assumenda velit voluptatem repudiandae ex nihil voluptatum.','Commodi corrupti ab praesentium non voluptas deleniti.','0','0','177','16','Quia id est corrupti amet qui quaerat eum.','published','2024-07-04 01:39:08','2024-07-04 01:39:08',1),(78,16,'Enim qui maxime voluptas nostrum dignissimos.','Rem voluptas nisi molestiae ut dolorum.','0','0','171','41','Accusantium nisi omnis officiis officiis vel aut ut et.','published','2024-07-04 01:39:08','2024-07-04 01:39:08',1),(79,39,'Fuga vel a iste molestiae.','Et repellendus necessitatibus distinctio ad sed delectus nam.','0','0','104','61','Suscipit asperiores qui autem et possimus qui.','published','2024-07-04 01:39:08','2024-07-04 01:39:08',1),(80,44,'Esse atque eum laborum tempora nulla inventore id.','Error odio dolor consectetur repellat at autem.','0','0','80','57','Laboriosam voluptatem reiciendis esse maiores.','published','2024-07-04 01:39:08','2024-07-04 01:39:08',1),(81,32,'Dolores ab ullam et labore rerum corrupti ipsa.','Adipisci mollitia corporis labore voluptas autem.','0','0','192','46','Ipsam est facere nisi atque dolor.','published','2024-07-04 01:39:08','2024-07-04 01:39:08',1),(82,24,'Provident voluptatem inventore non nemo.','Sunt atque voluptatem nesciunt voluptates culpa commodi corporis.','0','0','162','17','Ratione ea ut animi possimus est velit non nobis.','published','2024-07-04 01:39:08','2024-07-04 01:39:08',1),(83,15,'Totam voluptatem occaecati ratione et.','Et aut iure aut laborum saepe mollitia nihil saepe.','0','0','114','39','Blanditiis excepturi error officiis autem cupiditate voluptatem.','published','2024-07-04 01:39:08','2024-07-04 01:39:08',1),(84,44,'Nulla quis officia fuga omnis illo ut animi.','Vel quia ut cumque voluptates fuga temporibus.','0','0','185','77','Consequuntur enim culpa libero voluptas voluptatem repellendus laboriosam.','published','2024-07-04 01:39:08','2024-07-04 01:39:08',1),(85,34,'Tenetur suscipit officia vero aut nemo quod dicta.','Eum sed nihil itaque nihil iusto dignissimos rerum.','0','0','140','63','Voluptatem possimus tempore asperiores natus sunt porro a.','published','2024-07-04 01:39:08','2024-07-04 01:39:08',1),(86,20,'Sit quisquam alias ipsa quam.','Nobis et in dolor.','0','0','137','76','Cumque mollitia qui aperiam.','published','2024-07-04 01:39:08','2024-07-04 01:39:08',1),(87,29,'Praesentium nobis repellat voluptatibus et voluptatem velit libero.','Eius vero non ut officia.','0','0','162','89','Aut voluptatem reprehenderit recusandae aperiam.','published','2024-07-04 01:39:08','2024-07-04 01:39:08',1),(88,29,'Facere sed laborum porro et voluptas exercitationem.','Inventore illo et sit aut quae quisquam.','0','0','160','39','Sequi id expedita ut qui dolor ipsa ut quibusdam.','published','2024-07-04 01:39:08','2024-07-04 01:39:08',1),(89,22,'Necessitatibus est accusantium sit rerum at est.','Ut possimus quae quia ut porro molestias error.','0','0','182','9','Nihil asperiores nihil voluptates dolores est.','published','2024-07-04 01:39:08','2024-07-04 01:39:08',1),(90,46,'Explicabo fugit animi architecto libero sequi quisquam quia.','Eos dolores cumque enim nobis iure unde id.','0','0','88','4','Non aut rerum id.','published','2024-07-04 01:39:08','2024-07-04 01:39:08',1),(91,28,'Facilis recusandae iste recusandae quo ducimus quo.','Alias exercitationem facilis repellendus aliquam doloribus fugit.','0','0','142','44','Qui dolor rerum alias.','published','2024-07-04 01:39:08','2024-07-04 01:39:08',1),(92,18,'Omnis aut accusantium quis rerum officia repellendus.','Voluptatem dolores pariatur sit officia placeat.','0','0','122','54','Sapiente minus amet odio pariatur soluta.','published','2024-07-04 01:39:08','2024-07-04 01:39:08',1),(93,14,'Quaerat natus sit iste exercitationem.','Et qui voluptas fuga animi magni dolores recusandae.','0','0','128','73','Sed laborum est reiciendis veniam ut nisi nulla.','published','2024-07-04 01:39:08','2024-07-04 01:39:08',1),(94,35,'Numquam et aliquid illo molestias facere eveniet doloribus.','Adipisci aperiam veniam molestiae recusandae nihil.','0','0','111','45','Id exercitationem dolorem atque ut.','published','2024-07-04 01:39:08','2024-07-04 01:39:08',1),(95,50,'Iure nisi odio voluptatum ut.','Enim nulla dolores vitae et eos.','0','0','104','54','Sed totam non sunt quidem.','published','2024-07-04 01:39:08','2024-07-04 01:39:08',1),(96,45,'Omnis accusamus nihil asperiores voluptates nulla expedita.','Sed et ipsum et beatae qui omnis tempora.','0','0','147','18','Natus et quasi omnis asperiores eum.','published','2024-07-04 01:39:08','2024-07-04 01:39:08',1),(97,36,'Adipisci recusandae hic iste accusamus vel ipsum.','Accusamus et sit provident.','0','0','117','30','Voluptatem fugiat aut totam aliquid omnis et non.','published','2024-07-04 01:39:08','2024-07-04 01:39:08',1),(98,39,'Amet recusandae aut esse adipisci magni nostrum reprehenderit.','Rem aut aut fugit quam ea alias.','0','0','99','97','Dolorem harum ut quo qui ut ut.','published','2024-07-04 01:39:08','2024-07-04 01:39:08',1),(99,40,'Cupiditate ut reprehenderit culpa qui.','Facere incidunt et ipsam nam voluptas placeat et quis.','0','0','184','2','Aliquid labore numquam laudantium tenetur.','published','2024-07-04 01:39:08','2024-07-04 01:39:08',1),(100,23,'Cum nihil dolorem rerum rerum ullam.','Similique voluptas quidem ipsum labore.','0','0','198','97','Et velit quia consequuntur quaerat ducimus suscipit enim.','published','2024-07-04 01:39:08','2024-07-04 01:39:08',1),(101,NULL,'dummy','dummy','0','0','654','5','about','draft','2024-07-31 12:33:06','2024-07-31 12:33:06',1);
/*!40000 ALTER TABLE `products` ENABLE KEYS */;

--
-- Table structure for table `users`
--

DROP TABLE IF EXISTS `users`;
/*!40101 SET @saved_cs_client     = @@character_set_client */;
/*!50503 SET character_set_client = utf8mb4 */;
CREATE TABLE `users` (
  `id` bigint(20) unsigned NOT NULL AUTO_INCREMENT,
  `name` varchar(255) NOT NULL,
  `email` varchar(255) NOT NULL,
  `email_verified_at` timestamp NULL DEFAULT NULL,
  `password` varchar(255) DEFAULT NULL,
  `role` varchar(255) NOT NULL DEFAULT '2001',
  `google_id` varchar(255) DEFAULT NULL,
  `google_token` varchar(255) DEFAULT NULL,
  `remember_token` varchar(100) DEFAULT NULL,
  `created_at` timestamp NULL DEFAULT NULL,
  `updated_at` timestamp NULL DEFAULT NULL,
  PRIMARY KEY (`id`),
  UNIQUE KEY `users_email_unique` (`email`)
) ENGINE=InnoDB AUTO_INCREMENT=8 DEFAULT CHARSET=utf8mb4 COLLATE=utf8mb4_unicode_ci;
/*!40101 SET character_set_client = @saved_cs_client */;

--
-- Dumping data for table `users`
--

/*!40000 ALTER TABLE `users` DISABLE KEYS */;
INSERT INTO `users` VALUES (1,'admin','admin@gmail.com','2024-07-04 01:39:03','$2y$10$ICmRQyzBZPj5oDpD7Jvdo.nXzv9E/OyN5TNxZvXCDA.Y/vQtsGBea','1995',NULL,NULL,'1td8Ztr3JX','2024-07-04 01:39:04','2024-07-04 01:39:04'),(2,'ahmad','ahmad@gmail.com',NULL,'$2y$10$EPi1hbFhM1i/lP5JUPYVF.mt4gYQ77kfDZrniLoxOD8310fj7fegy','2001',NULL,NULL,NULL,NULL,NULL),(3,'sanaa','sanaa@gmail.com',NULL,'$2y$10$T5XL/r.ZeLlJTFwfaoG33eVNeCQs7Y3qCfnb2xFBnEuJkCD2MBJLy','1999',NULL,NULL,NULL,NULL,NULL),(4,'fadi','fadi@gmail.com',NULL,'$2y$10$BSE0p9hC6dczhVLBuP2xxOb8pek5y/J6xfmO8J8hRAL1JKDD8Rb4S','2001',NULL,NULL,NULL,'2024-08-19 13:03:31','2024-08-19 13:03:31'),(5,'nagham','nagham@gmail.com',NULL,'$2y$10$h.MAMxDfRjpXZMJ4hLVOQ.4tkMGkSI2Ee3HJOHtLUgx.sv/pe.ovq','2001',NULL,NULL,NULL,'2024-08-19 13:04:54','2024-08-19 13:04:54'),(6,'ali','ali@gmail.com',NULL,'$2y$10$gx87z5tzeF0eYfM9W1ZDm..rdAJhMfhsa/2odkoG.KqPH9LEpdRUC','2001',NULL,NULL,NULL,'2024-08-19 13:19:17','2024-08-19 13:19:17'),(7,'farah','farah@gmail.com',NULL,'$2y$10$Za6A84nQPEUfUkQju2cRcuAxW7bHdvwUD2wNFr/Qe13u5FrvIevdS','2001',NULL,NULL,NULL,'2024-08-19 13:22:06','2024-08-19 13:22:06');
/*!40000 ALTER TABLE `users` ENABLE KEYS */;

--
-- Dumping routines for database 'ecommerce'
--
/*!40103 SET TIME_ZONE=@OLD_TIME_ZONE */;

/*!40101 SET SQL_MODE=@OLD_SQL_MODE */;
/*!40014 SET FOREIGN_KEY_CHECKS=@OLD_FOREIGN_KEY_CHECKS */;
/*!40014 SET UNIQUE_CHECKS=@OLD_UNIQUE_CHECKS */;
/*!40101 SET CHARACTER_SET_CLIENT=@OLD_CHARACTER_SET_CLIENT */;
/*!40101 SET CHARACTER_SET_RESULTS=@OLD_CHARACTER_SET_RESULTS */;
/*!40101 SET COLLATION_CONNECTION=@OLD_COLLATION_CONNECTION */;
/*!40111 SET SQL_NOTES=@OLD_SQL_NOTES */;

-- Dump completed on 2024-08-26  5:26:44
